borough,month,date,year,month_num,quarter,season,month_sin,month_cos,crime_count,crime_rate_per_1000,crime_lag_1,crime_lag_3,crime_lag_12,crime_rolling_3,crime_rolling_6,imd_score,income_deprivation_score,employment_deprivation_score,crime_deprivation_score,population_2023,population_density_per_km2,claimant_count_rate_2023,median_annual_earnings_2023,median_house_price_2023,overcrowding_rate,is_outlier_rate_analysis
Barking and Dagenham,2023-03,2023-03-01,2023,3,1,spring,1.0,6.123233995736766e-17,2036,9.25,,,,,,34.9,0.21,0.12,0.52,220000,4700,5.2,32000,340000,10.8,False
Barking and Dagenham,2023-04,2023-04-01,2023,4,2,spring,0.8660254037844387,-0.4999999999999998,2001,9.1,2036.0,,,2036.0,2036.0,34.9,0.21,0.12,0.52,220000,4700,5.2,32000,340000,10.8,False
Barking and Dagenham,2023-05,2023-05-01,2023,5,2,spring,0.4999999999999999,-0.8660254037844387,2200,10.0,2001.0,,,2018.5,2018.5,34.9,0.21,0.12,0.52,220000,4700,5.2,32000,340000,10.8,False
Barking and Dagenham,2023-06,2023-06-01,2023,6,2,summer,1.2246467991473532e-16,-1.0,2344,10.65,2200.0,2036.0,,2079.0,2079.0,34.9,0.21,0.12,0.52,220000,4700,5.2,32000,340000,10.8,False
Barking and Dagenham,2023-07,2023-07-01,2023,7,3,summer,-0.4999999999999998,-0.8660254037844388,2282,10.37,2344.0,2001.0,,2181.6666666666665,2145.25,34.9,0.21,0.12,0.52,220000,4700,5.2,32000,340000,10.8,False
Barking and Dagenham,2023-08,2023-08-01,2023,8,3,summer,-0.8660254037844384,-0.5000000000000004,2144,9.75,2282.0,2200.0,,2275.3333333333335,2172.6,34.9,0.21,0.12,0.52,220000,4700,5.2,32000,340000,10.8,False
Barking and Dagenham,2023-09,2023-09-01,2023,9,3,autumn,-1.0,-1.8369701987210294e-16,2235,10.16,2144.0,2344.0,,2256.6666666666665,2167.8333333333335,34.9,0.21,0.12,0.52,220000,4700,5.2,32000,340000,10.8,False
Barking and Dagenham,2023-10,2023-10-01,2023,10,4,autumn,-0.8660254037844386,0.5000000000000001,1798,8.17,2235.0,2282.0,,2220.3333333333335,2201.0,34.9,0.21,0.12,0.52,220000,4700,5.2,32000,340000,10.8,False
Barking and Dagenham,2023-11,2023-11-01,2023,11,4,autumn,-0.5000000000000004,0.8660254037844384,1882,8.55,1798.0,2144.0,,2059.0,2167.1666666666665,34.9,0.21,0.12,0.52,220000,4700,5.2,32000,340000,10.8,False
Barking and Dagenham,2023-12,2023-12-01,2023,12,4,winter,-2.4492935982947064e-16,1.0,2028,9.22,1882.0,2235.0,,1971.6666666666667,2114.1666666666665,34.9,0.21,0.12,0.52,220000,4700,5.2,32000,340000,10.8,False
Barking and Dagenham,2024-01,2024-01-01,2024,1,1,winter,0.4999999999999999,0.8660254037844387,2038,9.26,2028.0,1798.0,,1902.6666666666667,2061.5,34.9,0.21,0.12,0.52,220000,4700,5.2,32000,340000,10.8,False
Barking and Dagenham,2024-02,2024-02-01,2024,2,1,winter,0.8660254037844386,0.5000000000000001,1886,8.57,2038.0,1882.0,,1982.6666666666667,2020.8333333333333,34.9,0.21,0.12,0.52,220000,4700,5.2,32000,340000,10.8,False
Barking and Dagenham,2024-03,2024-03-01,2024,3,1,spring,1.0,6.123233995736766e-17,2100,9.55,1886.0,2028.0,2036.0,1984.0,1977.8333333333333,34.9,0.21,0.12,0.52,220000,4700,5.2,32000,340000,10.8,False
Barking and Dagenham,2024-04,2024-04-01,2024,4,2,spring,0.8660254037844387,-0.4999999999999998,1926,8.75,2100.0,2038.0,2001.0,2008.0,1955.3333333333333,34.9,0.21,0.12,0.52,220000,4700,5.2,32000,340000,10.8,False
Barking and Dagenham,2024-05,2024-05-01,2024,5,2,spring,0.4999999999999999,-0.8660254037844387,2030,9.23,1926.0,1886.0,2200.0,1970.6666666666667,1976.6666666666667,34.9,0.21,0.12,0.52,220000,4700,5.2,32000,340000,10.8,False
Barking and Dagenham,2024-06,2024-06-01,2024,6,2,summer,1.2246467991473532e-16,-1.0,1969,8.95,2030.0,2100.0,2344.0,2018.6666666666667,2001.3333333333333,34.9,0.21,0.12,0.52,220000,4700,5.2,32000,340000,10.8,False
Barking and Dagenham,2024-07,2024-07-01,2024,7,3,summer,-0.4999999999999998,-0.8660254037844388,2075,9.43,1969.0,1926.0,2282.0,1975.0,1991.5,34.9,0.21,0.12,0.52,220000,4700,5.2,32000,340000,10.8,False
Barking and Dagenham,2024-08,2024-08-01,2024,8,3,summer,-0.8660254037844384,-0.5000000000000004,1997,9.08,2075.0,2030.0,2144.0,2024.6666666666667,1997.6666666666667,34.9,0.21,0.12,0.52,220000,4700,5.2,32000,340000,10.8,False
Barking and Dagenham,2024-09,2024-09-01,2024,9,3,autumn,-1.0,-1.8369701987210294e-16,1981,9.0,1997.0,1969.0,2235.0,2013.6666666666667,2016.1666666666667,34.9,0.21,0.12,0.52,220000,4700,5.2,32000,340000,10.8,False
Barking and Dagenham,2024-10,2024-10-01,2024,10,4,autumn,-0.8660254037844386,0.5000000000000001,2223,10.1,1981.0,2075.0,1798.0,2017.6666666666667,1996.3333333333333,34.9,0.21,0.12,0.52,220000,4700,5.2,32000,340000,10.8,False
Barking and Dagenham,2024-11,2024-11-01,2024,11,4,autumn,-0.5000000000000004,0.8660254037844384,2094,9.52,2223.0,1997.0,1882.0,2067.0,2045.8333333333333,34.9,0.21,0.12,0.52,220000,4700,5.2,32000,340000,10.8,False
Barking and Dagenham,2024-12,2024-12-01,2024,12,4,winter,-2.4492935982947064e-16,1.0,1868,8.49,2094.0,1981.0,2028.0,2099.3333333333335,2056.5,34.9,0.21,0.12,0.52,220000,4700,5.2,32000,340000,10.8,False
Barking and Dagenham,2025-01,2025-01-01,2025,1,1,winter,0.4999999999999999,0.8660254037844387,1804,8.2,1868.0,2223.0,2038.0,2061.6666666666665,2039.6666666666667,34.9,0.21,0.12,0.52,220000,4700,5.2,32000,340000,10.8,False
Barking and Dagenham,2025-02,2025-02-01,2025,2,1,winter,0.8660254037844386,0.5000000000000001,1640,7.45,1804.0,2094.0,1886.0,1922.0,1994.5,34.9,0.21,0.12,0.52,220000,4700,5.2,32000,340000,10.8,False
Barking and Dagenham,2025-03,2025-03-01,2025,3,1,spring,1.0,6.123233995736766e-17,2042,9.28,1640.0,1868.0,2100.0,1770.6666666666667,1935.0,34.9,0.21,0.12,0.52,220000,4700,5.2,32000,340000,10.8,False
Barking and Dagenham,2025-04,2025-04-01,2025,4,2,spring,0.8660254037844387,-0.4999999999999998,2102,9.55,2042.0,1804.0,1926.0,1828.6666666666667,1945.1666666666667,34.9,0.21,0.12,0.52,220000,4700,5.2,32000,340000,10.8,False
Barking and Dagenham,2025-05,2025-05-01,2025,5,2,spring,0.4999999999999999,-0.8660254037844387,2054,9.34,2102.0,1640.0,2030.0,1928.0,1925.0,34.9,0.21,0.12,0.52,220000,4700,5.2,32000,340000,10.8,False
Barking and Dagenham,2025-06,2025-06-01,2025,6,2,summer,1.2246467991473532e-16,-1.0,2202,10.01,2054.0,2042.0,1969.0,2066.0,1918.3333333333333,34.9,0.21,0.12,0.52,220000,4700,5.2,32000,340000,10.8,False
Barking and Dagenham,2025-07,2025-07-01,2025,7,3,summer,-0.4999999999999998,-0.8660254037844388,2240,10.18,2202.0,2102.0,2075.0,2119.3333333333335,1974.0,34.9,0.21,0.12,0.52,220000,4700,5.2,32000,340000,10.8,False
Barking and Dagenham,2025-08,2025-08-01,2025,8,3,summer,-0.8660254037844384,-0.5000000000000004,2027,9.21,2240.0,2054.0,1997.0,2165.3333333333335,2046.6666666666667,34.9,0.21,0.12,0.52,220000,4700,5.2,32000,340000,10.8,False
Barking and Dagenham,2025-09,2025-09-01,2025,9,3,autumn,-1.0,-1.8369701987210294e-16,1998,9.08,2027.0,2202.0,1981.0,2156.3333333333335,2111.1666666666665,34.9,0.21,0.12,0.52,220000,4700,5.2,32000,340000,10.8,False
Barking and Dagenham,2025-10,2025-10-01,2025,10,4,autumn,-0.8660254037844386,0.5000000000000001,2104,9.56,1998.0,2240.0,2223.0,2088.3333333333335,2103.8333333333335,34.9,0.21,0.12,0.52,220000,4700,5.2,32000,340000,10.8,False
Barking and Dagenham,2025-11,2025-11-01,2025,11,4,autumn,-0.5000000000000004,0.8660254037844384,2053,9.33,2104.0,2027.0,2094.0,2043.0,2104.1666666666665,34.9,0.21,0.12,0.52,220000,4700,5.2,32000,340000,10.8,False
Barking and Dagenham,2025-12,2025-12-01,2025,12,4,winter,-2.4492935982947064e-16,1.0,1930,8.77,2053.0,1998.0,1868.0,2051.6666666666665,2104.0,34.9,0.21,0.12,0.52,220000,4700,5.2,32000,340000,10.8,False
Barking and Dagenham,2026-01,2026-01-01,2026,1,1,winter,0.4999999999999999,0.8660254037844387,1864,8.47,1930.0,2104.0,1804.0,2029.0,2058.6666666666665,34.9,0.21,0.12,0.52,220000,4700,5.2,32000,340000,10.8,False
Barking and Dagenham,2026-02,2026-02-01,2026,2,1,winter,0.8660254037844386,0.5000000000000001,1790,8.14,1864.0,2053.0,1640.0,1949.0,1996.0,34.9,0.21,0.12,0.52,220000,4700,5.2,32000,340000,10.8,False
Barnet,2023-03,2023-03-01,2023,3,1,spring,1.0,6.123233995736766e-17,3020,7.38,,,,1897.0,1989.8,19.3,0.1,0.06,-0.21,409000,3700,3.1,38000,600000,6.2,False
Barnet,2023-04,2023-04-01,2023,4,2,spring,0.8660254037844387,-0.4999999999999998,2830,6.92,3020.0,,,2442.0,2194.2,19.3,0.1,0.06,-0.21,409000,3700,3.1,38000,600000,6.2,False
Barnet,2023-05,2023-05-01,2023,5,2,spring,0.4999999999999999,-0.8660254037844387,3126,7.64,2830.0,,,2925.0,2339.4,19.3,0.1,0.06,-0.21,409000,3700,3.1,38000,600000,6.2,False
Barnet,2023-06,2023-06-01,2023,6,2,summer,1.2246467991473532e-16,-1.0,3356,8.21,3126.0,3020.0,,2992.0,2554.0,19.3,0.1,0.06,-0.21,409000,3700,3.1,38000,600000,6.2,False
Barnet,2023-07,2023-07-01,2023,7,3,summer,-0.4999999999999998,-0.8660254037844388,3216,7.86,3356.0,2830.0,,3104.0,2839.2,19.3,0.1,0.06,-0.21,409000,3700,3.1,38000,600000,6.2,False
Barnet,2023-08,2023-08-01,2023,8,3,summer,-0.8660254037844384,-0.5000000000000004,2870,7.02,3216.0,3126.0,,3232.6666666666665,3109.6,19.3,0.1,0.06,-0.21,409000,3700,3.1,38000,600000,6.2,False
Barnet,2023-09,2023-09-01,2023,9,3,autumn,-1.0,-1.8369701987210294e-16,2911,7.12,2870.0,3356.0,,3147.3333333333335,3069.6666666666665,19.3,0.1,0.06,-0.21,409000,3700,3.1,38000,600000,6.2,False
Barnet,2023-10,2023-10-01,2023,10,4,autumn,-0.8660254037844386,0.5000000000000001,3173,7.76,2911.0,3216.0,,2999.0,3051.5,19.3,0.1,0.06,-0.21,409000,3700,3.1,38000,600000,6.2,False
Barnet,2023-11,2023-11-01,2023,11,4,autumn,-0.5000000000000004,0.8660254037844384,3198,7.82,3173.0,2870.0,,2984.6666666666665,3108.6666666666665,19.3,0.1,0.06,-0.21,409000,3700,3.1,38000,600000,6.2,False
Barnet,2023-12,2023-12-01,2023,12,4,winter,-2.4492935982947064e-16,1.0,2929,7.16,3198.0,2911.0,,3094.0,3120.6666666666665,19.3,0.1,0.06,-0.21,409000,3700,3.1,38000,600000,6.2,False
Barnet,2024-01,2024-01-01,2024,1,1,winter,0.4999999999999999,0.8660254037844387,2913,7.12,2929.0,3173.0,,3100.0,3049.5,19.3,0.1,0.06,-0.21,409000,3700,3.1,38000,600000,6.2,False
Barnet,2024-02,2024-02-01,2024,2,1,winter,0.8660254037844386,0.5000000000000001,2970,7.26,2913.0,3198.0,,3013.3333333333335,2999.0,19.3,0.1,0.06,-0.21,409000,3700,3.1,38000,600000,6.2,False
Barnet,2024-03,2024-03-01,2024,3,1,spring,1.0,6.123233995736766e-17,2953,7.22,2970.0,2929.0,3020.0,2937.3333333333335,3015.6666666666665,19.3,0.1,0.06,-0.21,409000,3700,3.1,38000,600000,6.2,False
Barnet,2024-04,2024-04-01,2024,4,2,spring,0.8660254037844387,-0.4999999999999998,2865,7.0,2953.0,2913.0,2830.0,2945.3333333333335,3022.6666666666665,19.3,0.1,0.06,-0.21,409000,3700,3.1,38000,600000,6.2,False
Barnet,2024-05,2024-05-01,2024,5,2,spring,0.4999999999999999,-0.8660254037844387,3213,7.86,2865.0,2970.0,3126.0,2929.3333333333335,2971.3333333333335,19.3,0.1,0.06,-0.21,409000,3700,3.1,38000,600000,6.2,False
Barnet,2024-06,2024-06-01,2024,6,2,summer,1.2246467991473532e-16,-1.0,3129,7.65,3213.0,2953.0,3356.0,3010.3333333333335,2973.8333333333335,19.3,0.1,0.06,-0.21,409000,3700,3.1,38000,600000,6.2,False
Barnet,2024-07,2024-07-01,2024,7,3,summer,-0.4999999999999998,-0.8660254037844388,3309,8.09,3129.0,2865.0,3216.0,3069.0,3007.1666666666665,19.3,0.1,0.06,-0.21,409000,3700,3.1,38000,600000,6.2,False
Barnet,2024-08,2024-08-01,2024,8,3,summer,-0.8660254037844384,-0.5000000000000004,3048,7.45,3309.0,3213.0,2870.0,3217.0,3073.1666666666665,19.3,0.1,0.06,-0.21,409000,3700,3.1,38000,600000,6.2,False
Barnet,2024-09,2024-09-01,2024,9,3,autumn,-1.0,-1.8369701987210294e-16,2990,7.31,3048.0,3129.0,2911.0,3162.0,3086.1666666666665,19.3,0.1,0.06,-0.21,409000,3700,3.1,38000,600000,6.2,False
Barnet,2024-10,2024-10-01,2024,10,4,autumn,-0.8660254037844386,0.5000000000000001,3180,7.78,2990.0,3309.0,3173.0,3115.6666666666665,3092.3333333333335,19.3,0.1,0.06,-0.21,409000,3700,3.1,38000,600000,6.2,False
Barnet,2024-11,2024-11-01,2024,11,4,autumn,-0.5000000000000004,0.8660254037844384,3113,7.61,3180.0,3048.0,3198.0,3072.6666666666665,3144.8333333333335,19.3,0.1,0.06,-0.21,409000,3700,3.1,38000,600000,6.2,False
Barnet,2024-12,2024-12-01,2024,12,4,winter,-2.4492935982947064e-16,1.0,2793,6.83,3113.0,2990.0,2929.0,3094.3333333333335,3128.1666666666665,19.3,0.1,0.06,-0.21,409000,3700,3.1,38000,600000,6.2,False
Barnet,2025-01,2025-01-01,2025,1,1,winter,0.4999999999999999,0.8660254037844387,2865,7.0,2793.0,3180.0,2913.0,3028.6666666666665,3072.1666666666665,19.3,0.1,0.06,-0.21,409000,3700,3.1,38000,600000,6.2,False
Barnet,2025-02,2025-02-01,2025,2,1,winter,0.8660254037844386,0.5000000000000001,2641,6.46,2865.0,3113.0,2970.0,2923.6666666666665,2998.1666666666665,19.3,0.1,0.06,-0.21,409000,3700,3.1,38000,600000,6.2,False
Barnet,2025-03,2025-03-01,2025,3,1,spring,1.0,6.123233995736766e-17,3061,7.48,2641.0,2793.0,2953.0,2766.3333333333335,2930.3333333333335,19.3,0.1,0.06,-0.21,409000,3700,3.1,38000,600000,6.2,False
Barnet,2025-04,2025-04-01,2025,4,2,spring,0.8660254037844387,-0.4999999999999998,2865,7.0,3061.0,2865.0,2865.0,2855.6666666666665,2942.1666666666665,19.3,0.1,0.06,-0.21,409000,3700,3.1,38000,600000,6.2,False
Barnet,2025-05,2025-05-01,2025,5,2,spring,0.4999999999999999,-0.8660254037844387,3079,7.53,2865.0,2641.0,3213.0,2855.6666666666665,2889.6666666666665,19.3,0.1,0.06,-0.21,409000,3700,3.1,38000,600000,6.2,False
Barnet,2025-06,2025-06-01,2025,6,2,summer,1.2246467991473532e-16,-1.0,3133,7.66,3079.0,3061.0,3129.0,3001.6666666666665,2884.0,19.3,0.1,0.06,-0.21,409000,3700,3.1,38000,600000,6.2,False
Barnet,2025-07,2025-07-01,2025,7,3,summer,-0.4999999999999998,-0.8660254037844388,3362,8.22,3133.0,2865.0,3309.0,3025.6666666666665,2940.6666666666665,19.3,0.1,0.06,-0.21,409000,3700,3.1,38000,600000,6.2,False
Barnet,2025-08,2025-08-01,2025,8,3,summer,-0.8660254037844384,-0.5000000000000004,3026,7.4,3362.0,3079.0,3048.0,3191.3333333333335,3023.5,19.3,0.1,0.06,-0.21,409000,3700,3.1,38000,600000,6.2,False
Barnet,2025-09,2025-09-01,2025,9,3,autumn,-1.0,-1.8369701987210294e-16,3014,7.37,3026.0,3133.0,2990.0,3173.6666666666665,3087.6666666666665,19.3,0.1,0.06,-0.21,409000,3700,3.1,38000,600000,6.2,False
Barnet,2025-10,2025-10-01,2025,10,4,autumn,-0.8660254037844386,0.5000000000000001,3257,7.96,3014.0,3362.0,3180.0,3134.0,3079.8333333333335,19.3,0.1,0.06,-0.21,409000,3700,3.1,38000,600000,6.2,False
Barnet,2025-11,2025-11-01,2025,11,4,autumn,-0.5000000000000004,0.8660254037844384,3035,7.42,3257.0,3026.0,3113.0,3099.0,3145.1666666666665,19.3,0.1,0.06,-0.21,409000,3700,3.1,38000,600000,6.2,False
Barnet,2025-12,2025-12-01,2025,12,4,winter,-2.4492935982947064e-16,1.0,3051,7.46,3035.0,3014.0,2793.0,3102.0,3137.8333333333335,19.3,0.1,0.06,-0.21,409000,3700,3.1,38000,600000,6.2,False
Barnet,2026-01,2026-01-01,2026,1,1,winter,0.4999999999999999,0.8660254037844387,3007,7.35,3051.0,3257.0,2865.0,3114.3333333333335,3124.1666666666665,19.3,0.1,0.06,-0.21,409000,3700,3.1,38000,600000,6.2,False
Barnet,2026-02,2026-02-01,2026,2,1,winter,0.8660254037844386,0.5000000000000001,3077,7.52,3007.0,3035.0,2641.0,3031.0,3065.0,19.3,0.1,0.06,-0.21,409000,3700,3.1,38000,600000,6.2,False
Bexley,2023-03,2023-03-01,2023,3,1,spring,1.0,6.123233995736766e-17,1607,6.43,,,,3029.0,3072.8,17.7,0.1,0.07,-0.35,250000,2300,2.8,33500,385000,4.1,False
Bexley,2023-04,2023-04-01,2023,4,2,spring,0.8660254037844387,-0.4999999999999998,1630,6.52,1607.0,,,2307.0,2791.4,17.7,0.1,0.07,-0.35,250000,2300,2.8,33500,385000,4.1,False
Bexley,2023-05,2023-05-01,2023,5,2,spring,0.4999999999999999,-0.8660254037844387,1667,6.67,1630.0,,,1618.5,2466.0,17.7,0.1,0.07,-0.35,250000,2300,2.8,33500,385000,4.1,False
Bexley,2023-06,2023-06-01,2023,6,2,summer,1.2246467991473532e-16,-1.0,1730,6.92,1667.0,1607.0,,1634.6666666666667,2192.4,17.7,0.1,0.07,-0.35,250000,2300,2.8,33500,385000,4.1,False
Bexley,2023-07,2023-07-01,2023,7,3,summer,-0.4999999999999998,-0.8660254037844388,1709,6.84,1730.0,1630.0,,1675.6666666666667,1928.2,17.7,0.1,0.07,-0.35,250000,2300,2.8,33500,385000,4.1,False
Bexley,2023-08,2023-08-01,2023,8,3,summer,-0.8660254037844384,-0.5000000000000004,1688,6.75,1709.0,1667.0,,1702.0,1668.6,17.7,0.1,0.07,-0.35,250000,2300,2.8,33500,385000,4.1,False
Bexley,2023-09,2023-09-01,2023,9,3,autumn,-1.0,-1.8369701987210294e-16,1752,7.01,1688.0,1730.0,,1709.0,1671.8333333333333,17.7,0.1,0.07,-0.35,250000,2300,2.8,33500,385000,4.1,False
Bexley,2023-10,2023-10-01,2023,10,4,autumn,-0.8660254037844386,0.5000000000000001,1722,6.89,1752.0,1709.0,,1716.3333333333333,1696.0,17.7,0.1,0.07,-0.35,250000,2300,2.8,33500,385000,4.1,False
Bexley,2023-11,2023-11-01,2023,11,4,autumn,-0.5000000000000004,0.8660254037844384,1675,6.7,1722.0,1688.0,,1720.6666666666667,1711.3333333333333,17.7,0.1,0.07,-0.35,250000,2300,2.8,33500,385000,4.1,False
Bexley,2023-12,2023-12-01,2023,12,4,winter,-2.4492935982947064e-16,1.0,1660,6.64,1675.0,1752.0,,1716.3333333333333,1712.6666666666667,17.7,0.1,0.07,-0.35,250000,2300,2.8,33500,385000,4.1,False
Bexley,2024-01,2024-01-01,2024,1,1,winter,0.4999999999999999,0.8660254037844387,1666,6.66,1660.0,1722.0,,1685.6666666666667,1701.0,17.7,0.1,0.07,-0.35,250000,2300,2.8,33500,385000,4.1,False
Bexley,2024-02,2024-02-01,2024,2,1,winter,0.8660254037844386,0.5000000000000001,1528,6.11,1666.0,1675.0,,1667.0,1693.8333333333333,17.7,0.1,0.07,-0.35,250000,2300,2.8,33500,385000,4.1,False
Bexley,2024-03,2024-03-01,2024,3,1,spring,1.0,6.123233995736766e-17,1732,6.93,1528.0,1660.0,1607.0,1618.0,1667.1666666666667,17.7,0.1,0.07,-0.35,250000,2300,2.8,33500,385000,4.1,False
Bexley,2024-04,2024-04-01,2024,4,2,spring,0.8660254037844387,-0.4999999999999998,1714,6.86,1732.0,1666.0,1630.0,1642.0,1663.8333333333333,17.7,0.1,0.07,-0.35,250000,2300,2.8,33500,385000,4.1,False
Bexley,2024-05,2024-05-01,2024,5,2,spring,0.4999999999999999,-0.8660254037844387,1671,6.68,1714.0,1528.0,1667.0,1658.0,1662.5,17.7,0.1,0.07,-0.35,250000,2300,2.8,33500,385000,4.1,False
Bexley,2024-06,2024-06-01,2024,6,2,summer,1.2246467991473532e-16,-1.0,1840,7.36,1671.0,1732.0,1730.0,1705.6666666666667,1661.8333333333333,17.7,0.1,0.07,-0.35,250000,2300,2.8,33500,385000,4.1,False
Bexley,2024-07,2024-07-01,2024,7,3,summer,-0.4999999999999998,-0.8660254037844388,1911,7.64,1840.0,1714.0,1709.0,1741.6666666666667,1691.8333333333333,17.7,0.1,0.07,-0.35,250000,2300,2.8,33500,385000,4.1,False
Bexley,2024-08,2024-08-01,2024,8,3,summer,-0.8660254037844384,-0.5000000000000004,1823,7.29,1911.0,1671.0,1688.0,1807.3333333333333,1732.6666666666667,17.7,0.1,0.07,-0.35,250000,2300,2.8,33500,385000,4.1,False
Bexley,2024-09,2024-09-01,2024,9,3,autumn,-1.0,-1.8369701987210294e-16,1560,6.24,1823.0,1840.0,1752.0,1858.0,1781.8333333333333,17.7,0.1,0.07,-0.35,250000,2300,2.8,33500,385000,4.1,False
Bexley,2024-10,2024-10-01,2024,10,4,autumn,-0.8660254037844386,0.5000000000000001,1786,7.14,1560.0,1911.0,1722.0,1764.6666666666667,1753.1666666666667,17.7,0.1,0.07,-0.35,250000,2300,2.8,33500,385000,4.1,False
Bexley,2024-11,2024-11-01,2024,11,4,autumn,-0.5000000000000004,0.8660254037844384,1698,6.79,1786.0,1823.0,1675.0,1723.0,1765.1666666666667,17.7,0.1,0.07,-0.35,250000,2300,2.8,33500,385000,4.1,False
Bexley,2024-12,2024-12-01,2024,12,4,winter,-2.4492935982947064e-16,1.0,1426,5.7,1698.0,1560.0,1660.0,1681.3333333333333,1769.6666666666667,17.7,0.1,0.07,-0.35,250000,2300,2.8,33500,385000,4.1,False
Bexley,2025-01,2025-01-01,2025,1,1,winter,0.4999999999999999,0.8660254037844387,1491,5.96,1426.0,1786.0,1666.0,1636.6666666666667,1700.6666666666667,17.7,0.1,0.07,-0.35,250000,2300,2.8,33500,385000,4.1,False
Bexley,2025-02,2025-02-01,2025,2,1,winter,0.8660254037844386,0.5000000000000001,1518,6.07,1491.0,1698.0,1528.0,1538.3333333333333,1630.6666666666667,17.7,0.1,0.07,-0.35,250000,2300,2.8,33500,385000,4.1,False
Bexley,2025-03,2025-03-01,2025,3,1,spring,1.0,6.123233995736766e-17,1683,6.73,1518.0,1426.0,1732.0,1478.3333333333333,1579.8333333333333,17.7,0.1,0.07,-0.35,250000,2300,2.8,33500,385000,4.1,False
Bexley,2025-04,2025-04-01,2025,4,2,spring,0.8660254037844387,-0.4999999999999998,1621,6.48,1683.0,1491.0,1714.0,1564.0,1600.3333333333333,17.7,0.1,0.07,-0.35,250000,2300,2.8,33500,385000,4.1,False
Bexley,2025-05,2025-05-01,2025,5,2,spring,0.4999999999999999,-0.8660254037844387,1729,6.92,1621.0,1518.0,1671.0,1607.3333333333333,1572.8333333333333,17.7,0.1,0.07,-0.35,250000,2300,2.8,33500,385000,4.1,False
Bexley,2025-06,2025-06-01,2025,6,2,summer,1.2246467991473532e-16,-1.0,1714,6.86,1729.0,1683.0,1840.0,1677.6666666666667,1578.0,17.7,0.1,0.07,-0.35,250000,2300,2.8,33500,385000,4.1,False
Bexley,2025-07,2025-07-01,2025,7,3,summer,-0.4999999999999998,-0.8660254037844388,1787,7.15,1714.0,1621.0,1911.0,1688.0,1626.0,17.7,0.1,0.07,-0.35,250000,2300,2.8,33500,385000,4.1,False
Bexley,2025-08,2025-08-01,2025,8,3,summer,-0.8660254037844384,-0.5000000000000004,1688,6.75,1787.0,1729.0,1823.0,1743.3333333333333,1675.3333333333333,17.7,0.1,0.07,-0.35,250000,2300,2.8,33500,385000,4.1,False
Bexley,2025-09,2025-09-01,2025,9,3,autumn,-1.0,-1.8369701987210294e-16,1634,6.54,1688.0,1714.0,1560.0,1729.6666666666667,1703.6666666666667,17.7,0.1,0.07,-0.35,250000,2300,2.8,33500,385000,4.1,False
Bexley,2025-10,2025-10-01,2025,10,4,autumn,-0.8660254037844386,0.5000000000000001,1717,6.87,1634.0,1787.0,1786.0,1703.0,1695.5,17.7,0.1,0.07,-0.35,250000,2300,2.8,33500,385000,4.1,False
Bexley,2025-11,2025-11-01,2025,11,4,autumn,-0.5000000000000004,0.8660254037844384,1610,6.44,1717.0,1688.0,1698.0,1679.6666666666667,1711.5,17.7,0.1,0.07,-0.35,250000,2300,2.8,33500,385000,4.1,False
Bexley,2025-12,2025-12-01,2025,12,4,winter,-2.4492935982947064e-16,1.0,1589,6.36,1610.0,1634.0,1426.0,1653.6666666666667,1691.6666666666667,17.7,0.1,0.07,-0.35,250000,2300,2.8,33500,385000,4.1,False
Bexley,2026-01,2026-01-01,2026,1,1,winter,0.4999999999999999,0.8660254037844387,1513,6.05,1589.0,1717.0,1491.0,1638.6666666666667,1670.8333333333333,17.7,0.1,0.07,-0.35,250000,2300,2.8,33500,385000,4.1,False
Bexley,2026-02,2026-02-01,2026,2,1,winter,0.8660254037844386,0.5000000000000001,1472,5.89,1513.0,1610.0,1518.0,1570.6666666666667,1625.1666666666667,17.7,0.1,0.07,-0.35,250000,2300,2.8,33500,385000,4.1,False
Brent,2023-03,2023-03-01,2023,3,1,spring,1.0,6.123233995736766e-17,3090,9.09,,,,1551.0,1612.6,28.4,0.17,0.1,0.3,340000,6500,4.5,35000,510000,9.8,False
Brent,2023-04,2023-04-01,2023,4,2,spring,0.8660254037844387,-0.4999999999999998,3006,8.84,3090.0,,,2301.5,1903.8,28.4,0.17,0.1,0.3,340000,6500,4.5,35000,510000,9.8,False
Brent,2023-05,2023-05-01,2023,5,2,spring,0.4999999999999999,-0.8660254037844387,3526,10.37,3006.0,,,3048.0,2161.6,28.4,0.17,0.1,0.3,340000,6500,4.5,35000,510000,9.8,False
Brent,2023-06,2023-06-01,2023,6,2,summer,1.2246467991473532e-16,-1.0,3653,10.74,3526.0,3090.0,,3207.3333333333335,2544.8,28.4,0.17,0.1,0.3,340000,6500,4.5,35000,510000,9.8,False
Brent,2023-07,2023-07-01,2023,7,3,summer,-0.4999999999999998,-0.8660254037844388,3570,10.5,3653.0,3006.0,,3395.0,2957.6,28.4,0.17,0.1,0.3,340000,6500,4.5,35000,510000,9.8,False
Brent,2023-08,2023-08-01,2023,8,3,summer,-0.8660254037844384,-0.5000000000000004,3269,9.61,3570.0,3526.0,,3583.0,3369.0,28.4,0.17,0.1,0.3,340000,6500,4.5,35000,510000,9.8,False
Brent,2023-09,2023-09-01,2023,9,3,autumn,-1.0,-1.8369701987210294e-16,3378,9.94,3269.0,3653.0,,3497.3333333333335,3352.3333333333335,28.4,0.17,0.1,0.3,340000,6500,4.5,35000,510000,9.8,False
Brent,2023-10,2023-10-01,2023,10,4,autumn,-0.8660254037844386,0.5000000000000001,3245,9.54,3378.0,3570.0,,3405.6666666666665,3400.3333333333335,28.4,0.17,0.1,0.3,340000,6500,4.5,35000,510000,9.8,False
Brent,2023-11,2023-11-01,2023,11,4,autumn,-0.5000000000000004,0.8660254037844384,3247,9.55,3245.0,3269.0,,3297.3333333333335,3440.1666666666665,28.4,0.17,0.1,0.3,340000,6500,4.5,35000,510000,9.8,False
Brent,2023-12,2023-12-01,2023,12,4,winter,-2.4492935982947064e-16,1.0,3157,9.29,3247.0,3378.0,,3290.0,3393.6666666666665,28.4,0.17,0.1,0.3,340000,6500,4.5,35000,510000,9.8,False
Brent,2024-01,2024-01-01,2024,1,1,winter,0.4999999999999999,0.8660254037844387,3196,9.4,3157.0,3245.0,,3216.3333333333335,3311.0,28.4,0.17,0.1,0.3,340000,6500,4.5,35000,510000,9.8,False
Brent,2024-02,2024-02-01,2024,2,1,winter,0.8660254037844386,0.5000000000000001,3237,9.52,3196.0,3247.0,,3200.0,3248.6666666666665,28.4,0.17,0.1,0.3,340000,6500,4.5,35000,510000,9.8,False
Brent,2024-03,2024-03-01,2024,3,1,spring,1.0,6.123233995736766e-17,3350,9.85,3237.0,3157.0,3090.0,3196.6666666666665,3243.3333333333335,28.4,0.17,0.1,0.3,340000,6500,4.5,35000,510000,9.8,False
Brent,2024-04,2024-04-01,2024,4,2,spring,0.8660254037844387,-0.4999999999999998,3204,9.42,3350.0,3196.0,3006.0,3261.0,3238.6666666666665,28.4,0.17,0.1,0.3,340000,6500,4.5,35000,510000,9.8,False
Brent,2024-05,2024-05-01,2024,5,2,spring,0.4999999999999999,-0.8660254037844387,3548,10.44,3204.0,3237.0,3526.0,3263.6666666666665,3231.8333333333335,28.4,0.17,0.1,0.3,340000,6500,4.5,35000,510000,9.8,False
Brent,2024-06,2024-06-01,2024,6,2,summer,1.2246467991473532e-16,-1.0,3650,10.74,3548.0,3350.0,3653.0,3367.3333333333335,3282.0,28.4,0.17,0.1,0.3,340000,6500,4.5,35000,510000,9.8,False
Brent,2024-07,2024-07-01,2024,7,3,summer,-0.4999999999999998,-0.8660254037844388,3581,10.53,3650.0,3204.0,3570.0,3467.3333333333335,3364.1666666666665,28.4,0.17,0.1,0.3,340000,6500,4.5,35000,510000,9.8,False
Brent,2024-08,2024-08-01,2024,8,3,summer,-0.8660254037844384,-0.5000000000000004,3412,10.04,3581.0,3548.0,3269.0,3593.0,3428.3333333333335,28.4,0.17,0.1,0.3,340000,6500,4.5,35000,510000,9.8,False
Brent,2024-09,2024-09-01,2024,9,3,autumn,-1.0,-1.8369701987210294e-16,3466,10.19,3412.0,3650.0,3378.0,3547.6666666666665,3457.5,28.4,0.17,0.1,0.3,340000,6500,4.5,35000,510000,9.8,False
Brent,2024-10,2024-10-01,2024,10,4,autumn,-0.8660254037844386,0.5000000000000001,3470,10.21,3466.0,3581.0,3245.0,3486.3333333333335,3476.8333333333335,28.4,0.17,0.1,0.3,340000,6500,4.5,35000,510000,9.8,False
Brent,2024-11,2024-11-01,2024,11,4,autumn,-0.5000000000000004,0.8660254037844384,3409,10.03,3470.0,3412.0,3247.0,3449.3333333333335,3521.1666666666665,28.4,0.17,0.1,0.3,340000,6500,4.5,35000,510000,9.8,False
Brent,2024-12,2024-12-01,2024,12,4,winter,-2.4492935982947064e-16,1.0,3117,9.17,3409.0,3466.0,3157.0,3448.3333333333335,3498.0,28.4,0.17,0.1,0.3,340000,6500,4.5,35000,510000,9.8,False
Brent,2025-01,2025-01-01,2025,1,1,winter,0.4999999999999999,0.8660254037844387,3143,9.24,3117.0,3470.0,3196.0,3332.0,3409.1666666666665,28.4,0.17,0.1,0.3,340000,6500,4.5,35000,510000,9.8,False
Brent,2025-02,2025-02-01,2025,2,1,winter,0.8660254037844386,0.5000000000000001,2909,8.56,3143.0,3409.0,3237.0,3223.0,3336.1666666666665,28.4,0.17,0.1,0.3,340000,6500,4.5,35000,510000,9.8,False
Brent,2025-03,2025-03-01,2025,3,1,spring,1.0,6.123233995736766e-17,3284,9.66,2909.0,3117.0,3350.0,3056.3333333333335,3252.3333333333335,28.4,0.17,0.1,0.3,340000,6500,4.5,35000,510000,9.8,False
Brent,2025-04,2025-04-01,2025,4,2,spring,0.8660254037844387,-0.4999999999999998,3192,9.39,3284.0,3143.0,3204.0,3112.0,3222.0,28.4,0.17,0.1,0.3,340000,6500,4.5,35000,510000,9.8,False
Brent,2025-05,2025-05-01,2025,5,2,spring,0.4999999999999999,-0.8660254037844387,3609,10.61,3192.0,2909.0,3548.0,3128.3333333333335,3175.6666666666665,28.4,0.17,0.1,0.3,340000,6500,4.5,35000,510000,9.8,False
Brent,2025-06,2025-06-01,2025,6,2,summer,1.2246467991473532e-16,-1.0,3649,10.73,3609.0,3284.0,3650.0,3361.6666666666665,3209.0,28.4,0.17,0.1,0.3,340000,6500,4.5,35000,510000,9.8,False
Brent,2025-07,2025-07-01,2025,7,3,summer,-0.4999999999999998,-0.8660254037844388,4080,12.0,3649.0,3192.0,3581.0,3483.3333333333335,3297.6666666666665,28.4,0.17,0.1,0.3,340000,6500,4.5,35000,510000,9.8,False
Brent,2025-08,2025-08-01,2025,8,3,summer,-0.8660254037844384,-0.5000000000000004,3628,10.67,4080.0,3609.0,3412.0,3779.3333333333335,3453.8333333333335,28.4,0.17,0.1,0.3,340000,6500,4.5,35000,510000,9.8,False
Brent,2025-09,2025-09-01,2025,9,3,autumn,-1.0,-1.8369701987210294e-16,3434,10.1,3628.0,3649.0,3466.0,3785.6666666666665,3573.6666666666665,28.4,0.17,0.1,0.3,340000,6500,4.5,35000,510000,9.8,False
Brent,2025-10,2025-10-01,2025,10,4,autumn,-0.8660254037844386,0.5000000000000001,3779,11.11,3434.0,4080.0,3470.0,3714.0,3598.6666666666665,28.4,0.17,0.1,0.3,340000,6500,4.5,35000,510000,9.8,False
Brent,2025-11,2025-11-01,2025,11,4,autumn,-0.5000000000000004,0.8660254037844384,3257,9.58,3779.0,3628.0,3409.0,3613.6666666666665,3696.5,28.4,0.17,0.1,0.3,340000,6500,4.5,35000,510000,9.8,False
Brent,2025-12,2025-12-01,2025,12,4,winter,-2.4492935982947064e-16,1.0,3023,8.89,3257.0,3434.0,3117.0,3490.0,3637.8333333333335,28.4,0.17,0.1,0.3,340000,6500,4.5,35000,510000,9.8,False
Brent,2026-01,2026-01-01,2026,1,1,winter,0.4999999999999999,0.8660254037844387,2985,8.78,3023.0,3779.0,3143.0,3353.0,3533.5,28.4,0.17,0.1,0.3,340000,6500,4.5,35000,510000,9.8,False
Brent,2026-02,2026-02-01,2026,2,1,winter,0.8660254037844386,0.5000000000000001,3028,8.91,2985.0,3257.0,2909.0,3088.3333333333335,3351.0,28.4,0.17,0.1,0.3,340000,6500,4.5,35000,510000,9.8,False
Bromley,2023-03,2023-03-01,2023,3,1,spring,1.0,6.123233995736766e-17,2394,7.12,,,,3004.0,3295.6,13.5,0.07,0.05,-0.57,336000,2200,2.4,36000,490000,3.2,False
Bromley,2023-04,2023-04-01,2023,4,2,spring,0.8660254037844387,-0.4999999999999998,2240,6.67,2394.0,,,2689.5,3087.6,13.5,0.07,0.05,-0.57,336000,2200,2.4,36000,490000,3.2,False
Bromley,2023-05,2023-05-01,2023,5,2,spring,0.4999999999999999,-0.8660254037844387,2545,7.57,2240.0,,,2317.0,2779.8,13.5,0.07,0.05,-0.57,336000,2200,2.4,36000,490000,3.2,False
Bromley,2023-06,2023-06-01,2023,6,2,summer,1.2246467991473532e-16,-1.0,2683,7.99,2545.0,2394.0,,2393.0,2637.4,13.5,0.07,0.05,-0.57,336000,2200,2.4,36000,490000,3.2,False
Bromley,2023-07,2023-07-01,2023,7,3,summer,-0.4999999999999998,-0.8660254037844388,2507,7.46,2683.0,2240.0,,2489.3333333333335,2569.4,13.5,0.07,0.05,-0.57,336000,2200,2.4,36000,490000,3.2,False
Bromley,2023-08,2023-08-01,2023,8,3,summer,-0.8660254037844384,-0.5000000000000004,2498,7.43,2507.0,2545.0,,2578.3333333333335,2473.8,13.5,0.07,0.05,-0.57,336000,2200,2.4,36000,490000,3.2,False
Bromley,2023-09,2023-09-01,2023,9,3,autumn,-1.0,-1.8369701987210294e-16,2453,7.3,2498.0,2683.0,,2562.6666666666665,2477.8333333333335,13.5,0.07,0.05,-0.57,336000,2200,2.4,36000,490000,3.2,False
Bromley,2023-10,2023-10-01,2023,10,4,autumn,-0.8660254037844386,0.5000000000000001,2411,7.18,2453.0,2507.0,,2486.0,2487.6666666666665,13.5,0.07,0.05,-0.57,336000,2200,2.4,36000,490000,3.2,False
Bromley,2023-11,2023-11-01,2023,11,4,autumn,-0.5000000000000004,0.8660254037844384,2494,7.42,2411.0,2498.0,,2454.0,2516.1666666666665,13.5,0.07,0.05,-0.57,336000,2200,2.4,36000,490000,3.2,False
Bromley,2023-12,2023-12-01,2023,12,4,winter,-2.4492935982947064e-16,1.0,2353,7.0,2494.0,2453.0,,2452.6666666666665,2507.6666666666665,13.5,0.07,0.05,-0.57,336000,2200,2.4,36000,490000,3.2,False
Bromley,2024-01,2024-01-01,2024,1,1,winter,0.4999999999999999,0.8660254037844387,2327,6.93,2353.0,2411.0,,2419.3333333333335,2452.6666666666665,13.5,0.07,0.05,-0.57,336000,2200,2.4,36000,490000,3.2,False
Bromley,2024-02,2024-02-01,2024,2,1,winter,0.8660254037844386,0.5000000000000001,2350,6.99,2327.0,2494.0,,2391.3333333333335,2422.6666666666665,13.5,0.07,0.05,-0.57,336000,2200,2.4,36000,490000,3.2,False
Bromley,2024-03,2024-03-01,2024,3,1,spring,1.0,6.123233995736766e-17,2466,7.34,2350.0,2353.0,2394.0,2343.3333333333335,2398.0,13.5,0.07,0.05,-0.57,336000,2200,2.4,36000,490000,3.2,False
Bromley,2024-04,2024-04-01,2024,4,2,spring,0.8660254037844387,-0.4999999999999998,2392,7.12,2466.0,2327.0,2240.0,2381.0,2400.1666666666665,13.5,0.07,0.05,-0.57,336000,2200,2.4,36000,490000,3.2,False
Bromley,2024-05,2024-05-01,2024,5,2,spring,0.4999999999999999,-0.8660254037844387,2455,7.31,2392.0,2350.0,2545.0,2402.6666666666665,2397.0,13.5,0.07,0.05,-0.57,336000,2200,2.4,36000,490000,3.2,False
Bromley,2024-06,2024-06-01,2024,6,2,summer,1.2246467991473532e-16,-1.0,2408,7.17,2455.0,2466.0,2683.0,2437.6666666666665,2390.5,13.5,0.07,0.05,-0.57,336000,2200,2.4,36000,490000,3.2,False
Bromley,2024-07,2024-07-01,2024,7,3,summer,-0.4999999999999998,-0.8660254037844388,2671,7.95,2408.0,2392.0,2507.0,2418.3333333333335,2399.6666666666665,13.5,0.07,0.05,-0.57,336000,2200,2.4,36000,490000,3.2,False
Bromley,2024-08,2024-08-01,2024,8,3,summer,-0.8660254037844384,-0.5000000000000004,2580,7.68,2671.0,2455.0,2498.0,2511.3333333333335,2457.0,13.5,0.07,0.05,-0.57,336000,2200,2.4,36000,490000,3.2,False
Bromley,2024-09,2024-09-01,2024,9,3,autumn,-1.0,-1.8369701987210294e-16,2473,7.36,2580.0,2408.0,2453.0,2553.0,2495.3333333333335,13.5,0.07,0.05,-0.57,336000,2200,2.4,36000,490000,3.2,False
Bromley,2024-10,2024-10-01,2024,10,4,autumn,-0.8660254037844386,0.5000000000000001,2427,7.22,2473.0,2671.0,2411.0,2574.6666666666665,2496.5,13.5,0.07,0.05,-0.57,336000,2200,2.4,36000,490000,3.2,False
Bromley,2024-11,2024-11-01,2024,11,4,autumn,-0.5000000000000004,0.8660254037844384,2538,7.55,2427.0,2580.0,2494.0,2493.3333333333335,2502.3333333333335,13.5,0.07,0.05,-0.57,336000,2200,2.4,36000,490000,3.2,False
Bromley,2024-12,2024-12-01,2024,12,4,winter,-2.4492935982947064e-16,1.0,2355,7.01,2538.0,2473.0,2353.0,2479.3333333333335,2516.1666666666665,13.5,0.07,0.05,-0.57,336000,2200,2.4,36000,490000,3.2,False
Bromley,2025-01,2025-01-01,2025,1,1,winter,0.4999999999999999,0.8660254037844387,2374,7.07,2355.0,2427.0,2327.0,2440.0,2507.3333333333335,13.5,0.07,0.05,-0.57,336000,2200,2.4,36000,490000,3.2,False
Bromley,2025-02,2025-02-01,2025,2,1,winter,0.8660254037844386,0.5000000000000001,2226,6.62,2374.0,2538.0,2350.0,2422.3333333333335,2457.8333333333335,13.5,0.07,0.05,-0.57,336000,2200,2.4,36000,490000,3.2,False
Bromley,2025-03,2025-03-01,2025,3,1,spring,1.0,6.123233995736766e-17,2408,7.17,2226.0,2355.0,2466.0,2318.3333333333335,2398.8333333333335,13.5,0.07,0.05,-0.57,336000,2200,2.4,36000,490000,3.2,False
Bromley,2025-04,2025-04-01,2025,4,2,spring,0.8660254037844387,-0.4999999999999998,2539,7.56,2408.0,2374.0,2392.0,2336.0,2388.0,13.5,0.07,0.05,-0.57,336000,2200,2.4,36000,490000,3.2,False
Bromley,2025-05,2025-05-01,2025,5,2,spring,0.4999999999999999,-0.8660254037844387,2509,7.47,2539.0,2226.0,2455.0,2391.0,2406.6666666666665,13.5,0.07,0.05,-0.57,336000,2200,2.4,36000,490000,3.2,False
Bromley,2025-06,2025-06-01,2025,6,2,summer,1.2246467991473532e-16,-1.0,2479,7.38,2509.0,2408.0,2408.0,2485.3333333333335,2401.8333333333335,13.5,0.07,0.05,-0.57,336000,2200,2.4,36000,490000,3.2,False
Bromley,2025-07,2025-07-01,2025,7,3,summer,-0.4999999999999998,-0.8660254037844388,2764,8.23,2479.0,2539.0,2671.0,2509.0,2422.5,13.5,0.07,0.05,-0.57,336000,2200,2.4,36000,490000,3.2,False
Bromley,2025-08,2025-08-01,2025,8,3,summer,-0.8660254037844384,-0.5000000000000004,2624,7.81,2764.0,2509.0,2580.0,2584.0,2487.5,13.5,0.07,0.05,-0.57,336000,2200,2.4,36000,490000,3.2,False
Bromley,2025-09,2025-09-01,2025,9,3,autumn,-1.0,-1.8369701987210294e-16,2419,7.2,2624.0,2479.0,2473.0,2622.3333333333335,2553.8333333333335,13.5,0.07,0.05,-0.57,336000,2200,2.4,36000,490000,3.2,False
Bromley,2025-10,2025-10-01,2025,10,4,autumn,-0.8660254037844386,0.5000000000000001,2440,7.26,2419.0,2764.0,2427.0,2602.3333333333335,2555.6666666666665,13.5,0.07,0.05,-0.57,336000,2200,2.4,36000,490000,3.2,False
Bromley,2025-11,2025-11-01,2025,11,4,autumn,-0.5000000000000004,0.8660254037844384,2453,7.3,2440.0,2624.0,2538.0,2494.3333333333335,2539.1666666666665,13.5,0.07,0.05,-0.57,336000,2200,2.4,36000,490000,3.2,False
Bromley,2025-12,2025-12-01,2025,12,4,winter,-2.4492935982947064e-16,1.0,2353,7.0,2453.0,2419.0,2355.0,2437.3333333333335,2529.8333333333335,13.5,0.07,0.05,-0.57,336000,2200,2.4,36000,490000,3.2,False
Bromley,2026-01,2026-01-01,2026,1,1,winter,0.4999999999999999,0.8660254037844387,2134,6.35,2353.0,2440.0,2374.0,2415.3333333333335,2508.8333333333335,13.5,0.07,0.05,-0.57,336000,2200,2.4,36000,490000,3.2,False
Bromley,2026-02,2026-02-01,2026,2,1,winter,0.8660254037844386,0.5000000000000001,2232,6.64,2134.0,2453.0,2226.0,2313.3333333333335,2403.8333333333335,13.5,0.07,0.05,-0.57,336000,2200,2.4,36000,490000,3.2,False
Camden,2023-03,2023-03-01,2023,3,1,spring,1.0,6.123233995736766e-17,4180,15.77,,,,2243.5,2359.8,26.0,0.15,0.1,0.61,265000,10600,3.8,43000,750000,7.5,False
Camden,2023-04,2023-04-01,2023,4,2,spring,0.8660254037844387,-0.4999999999999998,4163,15.71,4180.0,,,3157.0,2712.0,26.0,0.15,0.1,0.61,265000,10600,3.8,43000,750000,7.5,False
Camden,2023-05,2023-05-01,2023,5,2,spring,0.4999999999999999,-0.8660254037844387,4537,17.12,4163.0,,,4171.5,3056.6,26.0,0.15,0.1,0.61,265000,10600,3.8,43000,750000,7.5,False
Camden,2023-06,2023-06-01,2023,6,2,summer,1.2246467991473532e-16,-1.0,4911,18.53,4537.0,4180.0,,4293.333333333333,3473.4,26.0,0.15,0.1,0.61,265000,10600,3.8,43000,750000,7.5,False
Camden,2023-07,2023-07-01,2023,7,3,summer,-0.4999999999999998,-0.8660254037844388,4506,17.0,4911.0,4163.0,,4537.0,3985.0,26.0,0.15,0.1,0.61,265000,10600,3.8,43000,750000,7.5,False
Camden,2023-08,2023-08-01,2023,8,3,summer,-0.8660254037844384,-0.5000000000000004,4101,15.48,4506.0,4537.0,,4651.333333333333,4459.4,26.0,0.15,0.1,0.61,265000,10600,3.8,43000,750000,7.5,False
Camden,2023-09,2023-09-01,2023,9,3,autumn,-1.0,-1.8369701987210294e-16,4281,16.15,4101.0,4911.0,,4506.0,4399.666666666667,26.0,0.15,0.1,0.61,265000,10600,3.8,43000,750000,7.5,False
Camden,2023-10,2023-10-01,2023,10,4,autumn,-0.8660254037844386,0.5000000000000001,4461,16.83,4281.0,4506.0,,4296.0,4416.5,26.0,0.15,0.1,0.61,265000,10600,3.8,43000,750000,7.5,False
Camden,2023-11,2023-11-01,2023,11,4,autumn,-0.5000000000000004,0.8660254037844384,4669,17.62,4461.0,4101.0,,4281.0,4466.166666666667,26.0,0.15,0.1,0.61,265000,10600,3.8,43000,750000,7.5,False
Camden,2023-12,2023-12-01,2023,12,4,winter,-2.4492935982947064e-16,1.0,4094,15.45,4669.0,4281.0,,4470.333333333333,4488.166666666667,26.0,0.15,0.1,0.61,265000,10600,3.8,43000,750000,7.5,False
Camden,2024-01,2024-01-01,2024,1,1,winter,0.4999999999999999,0.8660254037844387,4154,15.68,4094.0,4461.0,,4408.0,4352.0,26.0,0.15,0.1,0.61,265000,10600,3.8,43000,750000,7.5,False
Camden,2024-02,2024-02-01,2024,2,1,winter,0.8660254037844386,0.5000000000000001,4622,17.44,4154.0,4669.0,,4305.666666666667,4293.333333333333,26.0,0.15,0.1,0.61,265000,10600,3.8,43000,750000,7.5,False
Camden,2024-03,2024-03-01,2024,3,1,spring,1.0,6.123233995736766e-17,4332,16.35,4622.0,4094.0,4180.0,4290.0,4380.166666666667,26.0,0.15,0.1,0.61,265000,10600,3.8,43000,750000,7.5,False
Camden,2024-04,2024-04-01,2024,4,2,spring,0.8660254037844387,-0.4999999999999998,4212,15.89,4332.0,4154.0,4163.0,4369.333333333333,4388.666666666667,26.0,0.15,0.1,0.61,265000,10600,3.8,43000,750000,7.5,False
Camden,2024-05,2024-05-01,2024,5,2,spring,0.4999999999999999,-0.8660254037844387,4423,16.69,4212.0,4622.0,4537.0,4388.666666666667,4347.166666666667,26.0,0.15,0.1,0.61,265000,10600,3.8,43000,750000,7.5,False
Camden,2024-06,2024-06-01,2024,6,2,summer,1.2246467991473532e-16,-1.0,4775,18.02,4423.0,4332.0,4911.0,4322.333333333333,4306.166666666667,26.0,0.15,0.1,0.61,265000,10600,3.8,43000,750000,7.5,False
Camden,2024-07,2024-07-01,2024,7,3,summer,-0.4999999999999998,-0.8660254037844388,4802,18.12,4775.0,4212.0,4506.0,4470.0,4419.666666666667,26.0,0.15,0.1,0.61,265000,10600,3.8,43000,750000,7.5,False
Camden,2024-08,2024-08-01,2024,8,3,summer,-0.8660254037844384,-0.5000000000000004,4281,16.15,4802.0,4423.0,4101.0,4666.666666666667,4527.666666666667,26.0,0.15,0.1,0.61,265000,10600,3.8,43000,750000,7.5,False
Camden,2024-09,2024-09-01,2024,9,3,autumn,-1.0,-1.8369701987210294e-16,4224,15.94,4281.0,4775.0,4281.0,4619.333333333333,4470.833333333333,26.0,0.15,0.1,0.61,265000,10600,3.8,43000,750000,7.5,False
Camden,2024-10,2024-10-01,2024,10,4,autumn,-0.8660254037844386,0.5000000000000001,4742,17.89,4224.0,4802.0,4461.0,4435.666666666667,4452.833333333333,26.0,0.15,0.1,0.61,265000,10600,3.8,43000,750000,7.5,False
Camden,2024-11,2024-11-01,2024,11,4,autumn,-0.5000000000000004,0.8660254037844384,4721,17.82,4742.0,4281.0,4669.0,4415.666666666667,4541.166666666667,26.0,0.15,0.1,0.61,265000,10600,3.8,43000,750000,7.5,False
Camden,2024-12,2024-12-01,2024,12,4,winter,-2.4492935982947064e-16,1.0,4451,16.8,4721.0,4224.0,4094.0,4562.333333333333,4590.833333333333,26.0,0.15,0.1,0.61,265000,10600,3.8,43000,750000,7.5,False
Camden,2025-01,2025-01-01,2025,1,1,winter,0.4999999999999999,0.8660254037844387,4016,15.15,4451.0,4742.0,4154.0,4638.0,4536.833333333333,26.0,0.15,0.1,0.61,265000,10600,3.8,43000,750000,7.5,False
Camden,2025-02,2025-02-01,2025,2,1,winter,0.8660254037844386,0.5000000000000001,4055,15.3,4016.0,4721.0,4622.0,4396.0,4405.833333333333,26.0,0.15,0.1,0.61,265000,10600,3.8,43000,750000,7.5,False
Camden,2025-03,2025-03-01,2025,3,1,spring,1.0,6.123233995736766e-17,4060,15.32,4055.0,4451.0,4332.0,4174.0,4368.166666666667,26.0,0.15,0.1,0.61,265000,10600,3.8,43000,750000,7.5,False
Camden,2025-04,2025-04-01,2025,4,2,spring,0.8660254037844387,-0.4999999999999998,4010,15.13,4060.0,4016.0,4212.0,4043.6666666666665,4340.833333333333,26.0,0.15,0.1,0.61,265000,10600,3.8,43000,750000,7.5,False
Camden,2025-05,2025-05-01,2025,5,2,spring,0.4999999999999999,-0.8660254037844387,4245,16.02,4010.0,4055.0,4423.0,4041.6666666666665,4218.833333333333,26.0,0.15,0.1,0.61,265000,10600,3.8,43000,750000,7.5,False
Camden,2025-06,2025-06-01,2025,6,2,summer,1.2246467991473532e-16,-1.0,4251,16.04,4245.0,4060.0,4775.0,4105.0,4139.5,26.0,0.15,0.1,0.61,265000,10600,3.8,43000,750000,7.5,False
Camden,2025-07,2025-07-01,2025,7,3,summer,-0.4999999999999998,-0.8660254037844388,4533,17.11,4251.0,4010.0,4802.0,4168.666666666667,4106.166666666667,26.0,0.15,0.1,0.61,265000,10600,3.8,43000,750000,7.5,False
Camden,2025-08,2025-08-01,2025,8,3,summer,-0.8660254037844384,-0.5000000000000004,4054,15.3,4533.0,4245.0,4281.0,4343.0,4192.333333333333,26.0,0.15,0.1,0.61,265000,10600,3.8,43000,750000,7.5,False
Camden,2025-09,2025-09-01,2025,9,3,autumn,-1.0,-1.8369701987210294e-16,4075,15.38,4054.0,4251.0,4224.0,4279.333333333333,4192.166666666667,26.0,0.15,0.1,0.61,265000,10600,3.8,43000,750000,7.5,False
Camden,2025-10,2025-10-01,2025,10,4,autumn,-0.8660254037844386,0.5000000000000001,4210,15.89,4075.0,4533.0,4742.0,4220.666666666667,4194.666666666667,26.0,0.15,0.1,0.61,265000,10600,3.8,43000,750000,7.5,False
Camden,2025-11,2025-11-01,2025,11,4,autumn,-0.5000000000000004,0.8660254037844384,4177,15.76,4210.0,4054.0,4721.0,4113.0,4228.0,26.0,0.15,0.1,0.61,265000,10600,3.8,43000,750000,7.5,False
Camden,2025-12,2025-12-01,2025,12,4,winter,-2.4492935982947064e-16,1.0,4001,15.1,4177.0,4075.0,4451.0,4154.0,4216.666666666667,26.0,0.15,0.1,0.61,265000,10600,3.8,43000,750000,7.5,False
Camden,2026-01,2026-01-01,2026,1,1,winter,0.4999999999999999,0.8660254037844387,3594,13.56,4001.0,4210.0,4016.0,4129.333333333333,4175.0,26.0,0.15,0.1,0.61,265000,10600,3.8,43000,750000,7.5,False
Camden,2026-02,2026-02-01,2026,2,1,winter,0.8660254037844386,0.5000000000000001,3743,14.12,3594.0,4177.0,4055.0,3924.0,4018.5,26.0,0.15,0.1,0.61,265000,10600,3.8,43000,750000,7.5,False
City of London,2023-03,2023-03-01,2023,3,1,spring,1.0,6.123233995736766e-17,767,85.22,,,,3797.5,4011.4,16.2,0.08,0.05,1.1,9000,700,1.5,62000,850000,2.0,True
City of London,2023-04,2023-04-01,2023,4,2,spring,0.8660254037844387,-0.4999999999999998,804,89.33,767.0,,,2180.5,3349.8,16.2,0.08,0.05,1.1,9000,700,1.5,62000,850000,2.0,True
City of London,2023-05,2023-05-01,2023,5,2,spring,0.4999999999999999,-0.8660254037844387,915,101.67,804.0,,,785.5,2668.6,16.2,0.08,0.05,1.1,9000,700,1.5,62000,850000,2.0,True
City of London,2023-06,2023-06-01,2023,6,2,summer,1.2246467991473532e-16,-1.0,823,91.44,915.0,767.0,,828.6666666666666,2016.2,16.2,0.08,0.05,1.1,9000,700,1.5,62000,850000,2.0,True
City of London,2023-07,2023-07-01,2023,7,3,summer,-0.4999999999999998,-0.8660254037844388,816,90.67,823.0,804.0,,847.3333333333334,1380.6,16.2,0.08,0.05,1.1,9000,700,1.5,62000,850000,2.0,True
City of London,2023-08,2023-08-01,2023,8,3,summer,-0.8660254037844384,-0.5000000000000004,842,93.56,816.0,915.0,,851.3333333333334,825.0,16.2,0.08,0.05,1.1,9000,700,1.5,62000,850000,2.0,True
City of London,2023-09,2023-09-01,2023,9,3,autumn,-1.0,-1.8369701987210294e-16,832,92.44,842.0,823.0,,827.0,827.8333333333334,16.2,0.08,0.05,1.1,9000,700,1.5,62000,850000,2.0,True
City of London,2023-10,2023-10-01,2023,10,4,autumn,-0.8660254037844386,0.5000000000000001,925,102.78,832.0,816.0,,830.0,838.6666666666666,16.2,0.08,0.05,1.1,9000,700,1.5,62000,850000,2.0,True
City of London,2023-11,2023-11-01,2023,11,4,autumn,-0.5000000000000004,0.8660254037844384,927,103.0,925.0,842.0,,866.3333333333334,858.8333333333334,16.2,0.08,0.05,1.1,9000,700,1.5,62000,850000,2.0,True
City of London,2023-12,2023-12-01,2023,12,4,winter,-2.4492935982947064e-16,1.0,937,104.11,927.0,832.0,,894.6666666666666,860.8333333333334,16.2,0.08,0.05,1.1,9000,700,1.5,62000,850000,2.0,True
City of London,2024-01,2024-01-01,2024,1,1,winter,0.4999999999999999,0.8660254037844387,827,91.89,937.0,925.0,,929.6666666666666,879.8333333333334,16.2,0.08,0.05,1.1,9000,700,1.5,62000,850000,2.0,True
City of London,2024-02,2024-02-01,2024,2,1,winter,0.8660254037844386,0.5000000000000001,894,99.33,827.0,927.0,,897.0,881.6666666666666,16.2,0.08,0.05,1.1,9000,700,1.5,62000,850000,2.0,True
City of London,2024-03,2024-03-01,2024,3,1,spring,1.0,6.123233995736766e-17,813,90.33,894.0,937.0,767.0,886.0,890.3333333333334,16.2,0.08,0.05,1.1,9000,700,1.5,62000,850000,2.0,True
City of London,2024-04,2024-04-01,2024,4,2,spring,0.8660254037844387,-0.4999999999999998,931,103.44,813.0,827.0,804.0,844.6666666666666,887.1666666666666,16.2,0.08,0.05,1.1,9000,700,1.5,62000,850000,2.0,True
City of London,2024-05,2024-05-01,2024,5,2,spring,0.4999999999999999,-0.8660254037844387,980,108.89,931.0,894.0,915.0,879.3333333333334,888.1666666666666,16.2,0.08,0.05,1.1,9000,700,1.5,62000,850000,2.0,True
City of London,2024-06,2024-06-01,2024,6,2,summer,1.2246467991473532e-16,-1.0,894,99.33,980.0,813.0,823.0,908.0,897.0,16.2,0.08,0.05,1.1,9000,700,1.5,62000,850000,2.0,True
City of London,2024-07,2024-07-01,2024,7,3,summer,-0.4999999999999998,-0.8660254037844388,928,103.11,894.0,931.0,816.0,935.0,889.8333333333334,16.2,0.08,0.05,1.1,9000,700,1.5,62000,850000,2.0,True
City of London,2024-08,2024-08-01,2024,8,3,summer,-0.8660254037844384,-0.5000000000000004,901,100.11,928.0,980.0,842.0,934.0,906.6666666666666,16.2,0.08,0.05,1.1,9000,700,1.5,62000,850000,2.0,True
City of London,2024-09,2024-09-01,2024,9,3,autumn,-1.0,-1.8369701987210294e-16,827,91.89,901.0,894.0,832.0,907.6666666666666,907.8333333333334,16.2,0.08,0.05,1.1,9000,700,1.5,62000,850000,2.0,True
City of London,2024-10,2024-10-01,2024,10,4,autumn,-0.8660254037844386,0.5000000000000001,1036,115.11,827.0,928.0,925.0,885.3333333333334,910.1666666666666,16.2,0.08,0.05,1.1,9000,700,1.5,62000,850000,2.0,True
City of London,2024-11,2024-11-01,2024,11,4,autumn,-0.5000000000000004,0.8660254037844384,938,104.22,1036.0,901.0,927.0,921.3333333333334,927.6666666666666,16.2,0.08,0.05,1.1,9000,700,1.5,62000,850000,2.0,True
City of London,2024-12,2024-12-01,2024,12,4,winter,-2.4492935982947064e-16,1.0,872,96.89,938.0,827.0,937.0,933.6666666666666,920.6666666666666,16.2,0.08,0.05,1.1,9000,700,1.5,62000,850000,2.0,True
City of London,2025-01,2025-01-01,2025,1,1,winter,0.4999999999999999,0.8660254037844387,720,80.0,872.0,1036.0,827.0,948.6666666666666,917.0,16.2,0.08,0.05,1.1,9000,700,1.5,62000,850000,2.0,True
City of London,2025-02,2025-02-01,2025,2,1,winter,0.8660254037844386,0.5000000000000001,745,82.78,720.0,938.0,894.0,843.3333333333334,882.3333333333334,16.2,0.08,0.05,1.1,9000,700,1.5,62000,850000,2.0,True
City of London,2025-03,2025-03-01,2025,3,1,spring,1.0,6.123233995736766e-17,794,88.22,745.0,872.0,813.0,779.0,856.3333333333334,16.2,0.08,0.05,1.1,9000,700,1.5,62000,850000,2.0,True
City of London,2025-04,2025-04-01,2025,4,2,spring,0.8660254037844387,-0.4999999999999998,810,90.0,794.0,720.0,931.0,753.0,850.8333333333334,16.2,0.08,0.05,1.1,9000,700,1.5,62000,850000,2.0,True
City of London,2025-05,2025-05-01,2025,5,2,spring,0.4999999999999999,-0.8660254037844387,822,91.33,810.0,745.0,980.0,783.0,813.1666666666666,16.2,0.08,0.05,1.1,9000,700,1.5,62000,850000,2.0,True
City of London,2025-06,2025-06-01,2025,6,2,summer,1.2246467991473532e-16,-1.0,784,87.11,822.0,794.0,894.0,808.6666666666666,793.8333333333334,16.2,0.08,0.05,1.1,9000,700,1.5,62000,850000,2.0,True
City of London,2025-07,2025-07-01,2025,7,3,summer,-0.4999999999999998,-0.8660254037844388,843,93.67,784.0,810.0,928.0,805.3333333333334,779.1666666666666,16.2,0.08,0.05,1.1,9000,700,1.5,62000,850000,2.0,True
City of London,2025-08,2025-08-01,2025,8,3,summer,-0.8660254037844384,-0.5000000000000004,871,96.78,843.0,822.0,901.0,816.3333333333334,799.6666666666666,16.2,0.08,0.05,1.1,9000,700,1.5,62000,850000,2.0,True
City of London,2025-09,2025-09-01,2025,9,3,autumn,-1.0,-1.8369701987210294e-16,727,80.78,871.0,784.0,827.0,832.6666666666666,820.6666666666666,16.2,0.08,0.05,1.1,9000,700,1.5,62000,850000,2.0,True
City of London,2025-10,2025-10-01,2025,10,4,autumn,-0.8660254037844386,0.5000000000000001,863,95.89,727.0,843.0,1036.0,813.6666666666666,809.5,16.2,0.08,0.05,1.1,9000,700,1.5,62000,850000,2.0,True
City of London,2025-11,2025-11-01,2025,11,4,autumn,-0.5000000000000004,0.8660254037844384,766,85.11,863.0,871.0,938.0,820.3333333333334,818.3333333333334,16.2,0.08,0.05,1.1,9000,700,1.5,62000,850000,2.0,True
City of London,2025-12,2025-12-01,2025,12,4,winter,-2.4492935982947064e-16,1.0,898,99.78,766.0,727.0,872.0,785.3333333333334,809.0,16.2,0.08,0.05,1.1,9000,700,1.5,62000,850000,2.0,True
City of London,2026-01,2026-01-01,2026,1,1,winter,0.4999999999999999,0.8660254037844387,805,89.44,898.0,863.0,720.0,842.3333333333334,828.0,16.2,0.08,0.05,1.1,9000,700,1.5,62000,850000,2.0,True
City of London,2026-02,2026-02-01,2026,2,1,winter,0.8660254037844386,0.5000000000000001,808,89.78,805.0,766.0,745.0,823.0,821.6666666666666,16.2,0.08,0.05,1.1,9000,700,1.5,62000,850000,2.0,True
Croydon,2023-03,2023-03-01,2023,3,1,spring,1.0,6.123233995736766e-17,3363,8.47,,,,851.5,811.8,24.0,0.14,0.09,0.09,397000,3800,4.2,34000,390000,5.9,False
Croydon,2023-04,2023-04-01,2023,4,2,spring,0.8660254037844387,-0.4999999999999998,3075,7.75,3363.0,,,2084.0,1339.0,24.0,0.14,0.09,0.09,397000,3800,4.2,34000,390000,5.9,False
Croydon,2023-05,2023-05-01,2023,5,2,spring,0.4999999999999999,-0.8660254037844387,3402,8.57,3075.0,,,3219.0,1781.4,24.0,0.14,0.09,0.09,397000,3800,4.2,34000,390000,5.9,False
Croydon,2023-06,2023-06-01,2023,6,2,summer,1.2246467991473532e-16,-1.0,3997,10.07,3402.0,3363.0,,3280.0,2308.6,24.0,0.14,0.09,0.09,397000,3800,4.2,34000,390000,5.9,False
Croydon,2023-07,2023-07-01,2023,7,3,summer,-0.4999999999999998,-0.8660254037844388,3786,9.54,3997.0,3075.0,,3491.3333333333335,2928.4,24.0,0.14,0.09,0.09,397000,3800,4.2,34000,390000,5.9,False
Croydon,2023-08,2023-08-01,2023,8,3,summer,-0.8660254037844384,-0.5000000000000004,3662,9.22,3786.0,3402.0,,3728.3333333333335,3524.6,24.0,0.14,0.09,0.09,397000,3800,4.2,34000,390000,5.9,False
Croydon,2023-09,2023-09-01,2023,9,3,autumn,-1.0,-1.8369701987210294e-16,3733,9.4,3662.0,3997.0,,3815.0,3547.5,24.0,0.14,0.09,0.09,397000,3800,4.2,34000,390000,5.9,False
Croydon,2023-10,2023-10-01,2023,10,4,autumn,-0.8660254037844386,0.5000000000000001,3466,8.73,3733.0,3786.0,,3727.0,3609.1666666666665,24.0,0.14,0.09,0.09,397000,3800,4.2,34000,390000,5.9,False
Croydon,2023-11,2023-11-01,2023,11,4,autumn,-0.5000000000000004,0.8660254037844384,3525,8.88,3466.0,3662.0,,3620.3333333333335,3674.3333333333335,24.0,0.14,0.09,0.09,397000,3800,4.2,34000,390000,5.9,False
Croydon,2023-12,2023-12-01,2023,12,4,winter,-2.4492935982947064e-16,1.0,3366,8.48,3525.0,3733.0,,3574.6666666666665,3694.8333333333335,24.0,0.14,0.09,0.09,397000,3800,4.2,34000,390000,5.9,False
Croydon,2024-01,2024-01-01,2024,1,1,winter,0.4999999999999999,0.8660254037844387,3557,8.96,3366.0,3466.0,,3452.3333333333335,3589.6666666666665,24.0,0.14,0.09,0.09,397000,3800,4.2,34000,390000,5.9,False
Croydon,2024-02,2024-02-01,2024,2,1,winter,0.8660254037844386,0.5000000000000001,3386,8.53,3557.0,3525.0,,3482.6666666666665,3551.5,24.0,0.14,0.09,0.09,397000,3800,4.2,34000,390000,5.9,False
Croydon,2024-03,2024-03-01,2024,3,1,spring,1.0,6.123233995736766e-17,3680,9.27,3386.0,3366.0,3363.0,3436.3333333333335,3505.5,24.0,0.14,0.09,0.09,397000,3800,4.2,34000,390000,5.9,False
Croydon,2024-04,2024-04-01,2024,4,2,spring,0.8660254037844387,-0.4999999999999998,3470,8.74,3680.0,3557.0,3075.0,3541.0,3496.6666666666665,24.0,0.14,0.09,0.09,397000,3800,4.2,34000,390000,5.9,False
Croydon,2024-05,2024-05-01,2024,5,2,spring,0.4999999999999999,-0.8660254037844387,3698,9.31,3470.0,3386.0,3402.0,3512.0,3497.3333333333335,24.0,0.14,0.09,0.09,397000,3800,4.2,34000,390000,5.9,False
Croydon,2024-06,2024-06-01,2024,6,2,summer,1.2246467991473532e-16,-1.0,3722,9.38,3698.0,3680.0,3997.0,3616.0,3526.1666666666665,24.0,0.14,0.09,0.09,397000,3800,4.2,34000,390000,5.9,False
Croydon,2024-07,2024-07-01,2024,7,3,summer,-0.4999999999999998,-0.8660254037844388,3913,9.86,3722.0,3470.0,3786.0,3630.0,3585.5,24.0,0.14,0.09,0.09,397000,3800,4.2,34000,390000,5.9,False
Croydon,2024-08,2024-08-01,2024,8,3,summer,-0.8660254037844384,-0.5000000000000004,4070,10.25,3913.0,3698.0,3662.0,3777.6666666666665,3644.8333333333335,24.0,0.14,0.09,0.09,397000,3800,4.2,34000,390000,5.9,False
Croydon,2024-09,2024-09-01,2024,9,3,autumn,-1.0,-1.8369701987210294e-16,3704,9.33,4070.0,3722.0,3733.0,3901.6666666666665,3758.8333333333335,24.0,0.14,0.09,0.09,397000,3800,4.2,34000,390000,5.9,False
Croydon,2024-10,2024-10-01,2024,10,4,autumn,-0.8660254037844386,0.5000000000000001,3821,9.62,3704.0,3913.0,3466.0,3895.6666666666665,3762.8333333333335,24.0,0.14,0.09,0.09,397000,3800,4.2,34000,390000,5.9,False
Croydon,2024-11,2024-11-01,2024,11,4,autumn,-0.5000000000000004,0.8660254037844384,3630,9.14,3821.0,4070.0,3525.0,3865.0,3821.3333333333335,24.0,0.14,0.09,0.09,397000,3800,4.2,34000,390000,5.9,False
Croydon,2024-12,2024-12-01,2024,12,4,winter,-2.4492935982947064e-16,1.0,3482,8.77,3630.0,3704.0,3366.0,3718.3333333333335,3810.0,24.0,0.14,0.09,0.09,397000,3800,4.2,34000,390000,5.9,False
Croydon,2025-01,2025-01-01,2025,1,1,winter,0.4999999999999999,0.8660254037844387,3464,8.73,3482.0,3821.0,3557.0,3644.3333333333335,3770.0,24.0,0.14,0.09,0.09,397000,3800,4.2,34000,390000,5.9,False
Croydon,2025-02,2025-02-01,2025,2,1,winter,0.8660254037844386,0.5000000000000001,3168,7.98,3464.0,3630.0,3386.0,3525.3333333333335,3695.1666666666665,24.0,0.14,0.09,0.09,397000,3800,4.2,34000,390000,5.9,False
Croydon,2025-03,2025-03-01,2025,3,1,spring,1.0,6.123233995736766e-17,3528,8.89,3168.0,3482.0,3680.0,3371.3333333333335,3544.8333333333335,24.0,0.14,0.09,0.09,397000,3800,4.2,34000,390000,5.9,False
Croydon,2025-04,2025-04-01,2025,4,2,spring,0.8660254037844387,-0.4999999999999998,3541,8.92,3528.0,3464.0,3470.0,3386.6666666666665,3515.5,24.0,0.14,0.09,0.09,397000,3800,4.2,34000,390000,5.9,False
Croydon,2025-05,2025-05-01,2025,5,2,spring,0.4999999999999999,-0.8660254037844387,3823,9.63,3541.0,3168.0,3698.0,3412.3333333333335,3468.8333333333335,24.0,0.14,0.09,0.09,397000,3800,4.2,34000,390000,5.9,False
Croydon,2025-06,2025-06-01,2025,6,2,summer,1.2246467991473532e-16,-1.0,3771,9.5,3823.0,3528.0,3722.0,3630.6666666666665,3501.0,24.0,0.14,0.09,0.09,397000,3800,4.2,34000,390000,5.9,False
Croydon,2025-07,2025-07-01,2025,7,3,summer,-0.4999999999999998,-0.8660254037844388,4095,10.31,3771.0,3541.0,3913.0,3711.6666666666665,3549.1666666666665,24.0,0.14,0.09,0.09,397000,3800,4.2,34000,390000,5.9,False
Croydon,2025-08,2025-08-01,2025,8,3,summer,-0.8660254037844384,-0.5000000000000004,3864,9.73,4095.0,3823.0,4070.0,3896.3333333333335,3654.3333333333335,24.0,0.14,0.09,0.09,397000,3800,4.2,34000,390000,5.9,False
Croydon,2025-09,2025-09-01,2025,9,3,autumn,-1.0,-1.8369701987210294e-16,3546,8.93,3864.0,3771.0,3704.0,3910.0,3770.3333333333335,24.0,0.14,0.09,0.09,397000,3800,4.2,34000,390000,5.9,False
Croydon,2025-10,2025-10-01,2025,10,4,autumn,-0.8660254037844386,0.5000000000000001,3414,8.6,3546.0,4095.0,3821.0,3835.0,3773.3333333333335,24.0,0.14,0.09,0.09,397000,3800,4.2,34000,390000,5.9,False
Croydon,2025-11,2025-11-01,2025,11,4,autumn,-0.5000000000000004,0.8660254037844384,3301,8.31,3414.0,3864.0,3630.0,3608.0,3752.1666666666665,24.0,0.14,0.09,0.09,397000,3800,4.2,34000,390000,5.9,False
Croydon,2025-12,2025-12-01,2025,12,4,winter,-2.4492935982947064e-16,1.0,3240,8.16,3301.0,3546.0,3482.0,3420.3333333333335,3665.1666666666665,24.0,0.14,0.09,0.09,397000,3800,4.2,34000,390000,5.9,False
Croydon,2026-01,2026-01-01,2026,1,1,winter,0.4999999999999999,0.8660254037844387,3492,8.8,3240.0,3414.0,3464.0,3318.3333333333335,3576.6666666666665,24.0,0.14,0.09,0.09,397000,3800,4.2,34000,390000,5.9,False
Croydon,2026-02,2026-02-01,2026,2,1,winter,0.8660254037844386,0.5000000000000001,3179,8.01,3492.0,3301.0,3168.0,3344.3333333333335,3476.1666666666665,24.0,0.14,0.09,0.09,397000,3800,4.2,34000,390000,5.9,False
Ealing,2023-03,2023-03-01,2023,3,1,spring,1.0,6.123233995736766e-17,3415,9.7,,,,3366.0,3398.6,25.0,0.14,0.09,0.05,352000,5900,3.9,35500,500000,8.1,False
Ealing,2023-04,2023-04-01,2023,4,2,spring,0.8660254037844387,-0.4999999999999998,3082,8.76,3415.0,,,3453.5,3372.4,25.0,0.14,0.09,0.05,352000,5900,3.9,35500,500000,8.1,False
Ealing,2023-05,2023-05-01,2023,5,2,spring,0.4999999999999999,-0.8660254037844387,3530,10.03,3082.0,,,3248.5,3306.0,25.0,0.14,0.09,0.05,352000,5900,3.9,35500,500000,8.1,False
Ealing,2023-06,2023-06-01,2023,6,2,summer,1.2246467991473532e-16,-1.0,3760,10.68,3530.0,3415.0,,3342.3333333333335,3351.8,25.0,0.14,0.09,0.05,352000,5900,3.9,35500,500000,8.1,False
Ealing,2023-07,2023-07-01,2023,7,3,summer,-0.4999999999999998,-0.8660254037844388,3693,10.49,3760.0,3082.0,,3457.3333333333335,3455.8,25.0,0.14,0.09,0.05,352000,5900,3.9,35500,500000,8.1,False
Ealing,2023-08,2023-08-01,2023,8,3,summer,-0.8660254037844384,-0.5000000000000004,3423,9.72,3693.0,3530.0,,3661.0,3496.0,25.0,0.14,0.09,0.05,352000,5900,3.9,35500,500000,8.1,False
Ealing,2023-09,2023-09-01,2023,9,3,autumn,-1.0,-1.8369701987210294e-16,3693,10.49,3423.0,3760.0,,3625.3333333333335,3483.8333333333335,25.0,0.14,0.09,0.05,352000,5900,3.9,35500,500000,8.1,False
Ealing,2023-10,2023-10-01,2023,10,4,autumn,-0.8660254037844386,0.5000000000000001,3718,10.56,3693.0,3693.0,,3603.0,3530.1666666666665,25.0,0.14,0.09,0.05,352000,5900,3.9,35500,500000,8.1,False
Ealing,2023-11,2023-11-01,2023,11,4,autumn,-0.5000000000000004,0.8660254037844384,3512,9.98,3718.0,3423.0,,3611.3333333333335,3636.1666666666665,25.0,0.14,0.09,0.05,352000,5900,3.9,35500,500000,8.1,False
Ealing,2023-12,2023-12-01,2023,12,4,winter,-2.4492935982947064e-16,1.0,3243,9.21,3512.0,3693.0,,3641.0,3633.1666666666665,25.0,0.14,0.09,0.05,352000,5900,3.9,35500,500000,8.1,False
Ealing,2024-01,2024-01-01,2024,1,1,winter,0.4999999999999999,0.8660254037844387,3372,9.58,3243.0,3718.0,,3491.0,3547.0,25.0,0.14,0.09,0.05,352000,5900,3.9,35500,500000,8.1,False
Ealing,2024-02,2024-02-01,2024,2,1,winter,0.8660254037844386,0.5000000000000001,3409,9.68,3372.0,3512.0,,3375.6666666666665,3493.5,25.0,0.14,0.09,0.05,352000,5900,3.9,35500,500000,8.1,False
Ealing,2024-03,2024-03-01,2024,3,1,spring,1.0,6.123233995736766e-17,3439,9.77,3409.0,3243.0,3415.0,3341.3333333333335,3491.1666666666665,25.0,0.14,0.09,0.05,352000,5900,3.9,35500,500000,8.1,False
Ealing,2024-04,2024-04-01,2024,4,2,spring,0.8660254037844387,-0.4999999999999998,3200,9.09,3439.0,3372.0,3082.0,3406.6666666666665,3448.8333333333335,25.0,0.14,0.09,0.05,352000,5900,3.9,35500,500000,8.1,False
Ealing,2024-05,2024-05-01,2024,5,2,spring,0.4999999999999999,-0.8660254037844387,3487,9.91,3200.0,3409.0,3530.0,3349.3333333333335,3362.5,25.0,0.14,0.09,0.05,352000,5900,3.9,35500,500000,8.1,False
Ealing,2024-06,2024-06-01,2024,6,2,summer,1.2246467991473532e-16,-1.0,3704,10.52,3487.0,3439.0,3760.0,3375.3333333333335,3358.3333333333335,25.0,0.14,0.09,0.05,352000,5900,3.9,35500,500000,8.1,False
Ealing,2024-07,2024-07-01,2024,7,3,summer,-0.4999999999999998,-0.8660254037844388,3717,10.56,3704.0,3200.0,3693.0,3463.6666666666665,3435.1666666666665,25.0,0.14,0.09,0.05,352000,5900,3.9,35500,500000,8.1,False
Ealing,2024-08,2024-08-01,2024,8,3,summer,-0.8660254037844384,-0.5000000000000004,3421,9.72,3717.0,3487.0,3423.0,3636.0,3492.6666666666665,25.0,0.14,0.09,0.05,352000,5900,3.9,35500,500000,8.1,False
Ealing,2024-09,2024-09-01,2024,9,3,autumn,-1.0,-1.8369701987210294e-16,3487,9.91,3421.0,3704.0,3693.0,3614.0,3494.6666666666665,25.0,0.14,0.09,0.05,352000,5900,3.9,35500,500000,8.1,False
Ealing,2024-10,2024-10-01,2024,10,4,autumn,-0.8660254037844386,0.5000000000000001,3667,10.42,3487.0,3717.0,3718.0,3541.6666666666665,3502.6666666666665,25.0,0.14,0.09,0.05,352000,5900,3.9,35500,500000,8.1,False
Ealing,2024-11,2024-11-01,2024,11,4,autumn,-0.5000000000000004,0.8660254037844384,3689,10.48,3667.0,3421.0,3512.0,3525.0,3580.5,25.0,0.14,0.09,0.05,352000,5900,3.9,35500,500000,8.1,False
Ealing,2024-12,2024-12-01,2024,12,4,winter,-2.4492935982947064e-16,1.0,3275,9.3,3689.0,3487.0,3243.0,3614.3333333333335,3614.1666666666665,25.0,0.14,0.09,0.05,352000,5900,3.9,35500,500000,8.1,False
Ealing,2025-01,2025-01-01,2025,1,1,winter,0.4999999999999999,0.8660254037844387,3375,9.59,3275.0,3667.0,3372.0,3543.6666666666665,3542.6666666666665,25.0,0.14,0.09,0.05,352000,5900,3.9,35500,500000,8.1,False
Ealing,2025-02,2025-02-01,2025,2,1,winter,0.8660254037844386,0.5000000000000001,3133,8.9,3375.0,3689.0,3409.0,3446.3333333333335,3485.6666666666665,25.0,0.14,0.09,0.05,352000,5900,3.9,35500,500000,8.1,False
Ealing,2025-03,2025-03-01,2025,3,1,spring,1.0,6.123233995736766e-17,3563,10.12,3133.0,3275.0,3439.0,3261.0,3437.6666666666665,25.0,0.14,0.09,0.05,352000,5900,3.9,35500,500000,8.1,False
Ealing,2025-04,2025-04-01,2025,4,2,spring,0.8660254037844387,-0.4999999999999998,3608,10.25,3563.0,3375.0,3200.0,3357.0,3450.3333333333335,25.0,0.14,0.09,0.05,352000,5900,3.9,35500,500000,8.1,False
Ealing,2025-05,2025-05-01,2025,5,2,spring,0.4999999999999999,-0.8660254037844387,3584,10.18,3608.0,3133.0,3487.0,3434.6666666666665,3440.5,25.0,0.14,0.09,0.05,352000,5900,3.9,35500,500000,8.1,False
Ealing,2025-06,2025-06-01,2025,6,2,summer,1.2246467991473532e-16,-1.0,3839,10.91,3584.0,3563.0,3704.0,3585.0,3423.0,25.0,0.14,0.09,0.05,352000,5900,3.9,35500,500000,8.1,False
Ealing,2025-07,2025-07-01,2025,7,3,summer,-0.4999999999999998,-0.8660254037844388,4112,11.68,3839.0,3608.0,3717.0,3677.0,3517.0,25.0,0.14,0.09,0.05,352000,5900,3.9,35500,500000,8.1,False
Ealing,2025-08,2025-08-01,2025,8,3,summer,-0.8660254037844384,-0.5000000000000004,3648,10.36,4112.0,3584.0,3421.0,3845.0,3639.8333333333335,25.0,0.14,0.09,0.05,352000,5900,3.9,35500,500000,8.1,False
Ealing,2025-09,2025-09-01,2025,9,3,autumn,-1.0,-1.8369701987210294e-16,3395,9.64,3648.0,3839.0,3487.0,3866.3333333333335,3725.6666666666665,25.0,0.14,0.09,0.05,352000,5900,3.9,35500,500000,8.1,False
Ealing,2025-10,2025-10-01,2025,10,4,autumn,-0.8660254037844386,0.5000000000000001,3899,11.08,3395.0,4112.0,3667.0,3718.3333333333335,3697.6666666666665,25.0,0.14,0.09,0.05,352000,5900,3.9,35500,500000,8.1,False
Ealing,2025-11,2025-11-01,2025,11,4,autumn,-0.5000000000000004,0.8660254037844384,3627,10.3,3899.0,3648.0,3689.0,3647.3333333333335,3746.1666666666665,25.0,0.14,0.09,0.05,352000,5900,3.9,35500,500000,8.1,False
Ealing,2025-12,2025-12-01,2025,12,4,winter,-2.4492935982947064e-16,1.0,3325,9.45,3627.0,3395.0,3275.0,3640.3333333333335,3753.3333333333335,25.0,0.14,0.09,0.05,352000,5900,3.9,35500,500000,8.1,False
Ealing,2026-01,2026-01-01,2026,1,1,winter,0.4999999999999999,0.8660254037844387,3138,8.91,3325.0,3899.0,3375.0,3617.0,3667.6666666666665,25.0,0.14,0.09,0.05,352000,5900,3.9,35500,500000,8.1,False
Ealing,2026-02,2026-02-01,2026,2,1,winter,0.8660254037844386,0.5000000000000001,3323,9.44,3138.0,3627.0,3133.0,3363.3333333333335,3505.3333333333335,25.0,0.14,0.09,0.05,352000,5900,3.9,35500,500000,8.1,False
Enfield,2023-03,2023-03-01,2023,3,1,spring,1.0,6.123233995736766e-17,3155,9.28,,,,3231.5,3476.8,24.8,0.14,0.09,0.02,340000,4300,4.0,33500,430000,7.4,False
Enfield,2023-04,2023-04-01,2023,4,2,spring,0.8660254037844387,-0.4999999999999998,2911,8.56,3155.0,,,3146.5,3428.8,24.8,0.14,0.09,0.02,340000,4300,4.0,33500,430000,7.4,False
Enfield,2023-05,2023-05-01,2023,5,2,spring,0.4999999999999999,-0.8660254037844387,3199,9.41,2911.0,,,3033.0,3231.2,24.8,0.14,0.09,0.02,340000,4300,4.0,33500,430000,7.4,False
Enfield,2023-06,2023-06-01,2023,6,2,summer,1.2246467991473532e-16,-1.0,3542,10.42,3199.0,3155.0,,3088.3333333333335,3145.6,24.8,0.14,0.09,0.02,340000,4300,4.0,33500,430000,7.4,False
Enfield,2023-07,2023-07-01,2023,7,3,summer,-0.4999999999999998,-0.8660254037844388,3108,9.14,3542.0,2911.0,,3217.3333333333335,3189.0,24.8,0.14,0.09,0.02,340000,4300,4.0,33500,430000,7.4,False
Enfield,2023-08,2023-08-01,2023,8,3,summer,-0.8660254037844384,-0.5000000000000004,3040,8.94,3108.0,3199.0,,3283.0,3183.0,24.8,0.14,0.09,0.02,340000,4300,4.0,33500,430000,7.4,False
Enfield,2023-09,2023-09-01,2023,9,3,autumn,-1.0,-1.8369701987210294e-16,3171,9.33,3040.0,3542.0,,3230.0,3159.1666666666665,24.8,0.14,0.09,0.02,340000,4300,4.0,33500,430000,7.4,False
Enfield,2023-10,2023-10-01,2023,10,4,autumn,-0.8660254037844386,0.5000000000000001,3069,9.03,3171.0,3108.0,,3106.3333333333335,3161.8333333333335,24.8,0.14,0.09,0.02,340000,4300,4.0,33500,430000,7.4,False
Enfield,2023-11,2023-11-01,2023,11,4,autumn,-0.5000000000000004,0.8660254037844384,3097,9.11,3069.0,3040.0,,3093.3333333333335,3188.1666666666665,24.8,0.14,0.09,0.02,340000,4300,4.0,33500,430000,7.4,False
Enfield,2023-12,2023-12-01,2023,12,4,winter,-2.4492935982947064e-16,1.0,3141,9.24,3097.0,3171.0,,3112.3333333333335,3171.1666666666665,24.8,0.14,0.09,0.02,340000,4300,4.0,33500,430000,7.4,False
Enfield,2024-01,2024-01-01,2024,1,1,winter,0.4999999999999999,0.8660254037844387,3025,8.9,3141.0,3069.0,,3102.3333333333335,3104.3333333333335,24.8,0.14,0.09,0.02,340000,4300,4.0,33500,430000,7.4,False
Enfield,2024-02,2024-02-01,2024,2,1,winter,0.8660254037844386,0.5000000000000001,2803,8.24,3025.0,3097.0,,3087.6666666666665,3090.5,24.8,0.14,0.09,0.02,340000,4300,4.0,33500,430000,7.4,False
Enfield,2024-03,2024-03-01,2024,3,1,spring,1.0,6.123233995736766e-17,2836,8.34,2803.0,3141.0,3155.0,2989.6666666666665,3051.0,24.8,0.14,0.09,0.02,340000,4300,4.0,33500,430000,7.4,False
Enfield,2024-04,2024-04-01,2024,4,2,spring,0.8660254037844387,-0.4999999999999998,2905,8.54,2836.0,3025.0,2911.0,2888.0,2995.1666666666665,24.8,0.14,0.09,0.02,340000,4300,4.0,33500,430000,7.4,False
Enfield,2024-05,2024-05-01,2024,5,2,spring,0.4999999999999999,-0.8660254037844387,3260,9.59,2905.0,2803.0,3199.0,2848.0,2967.8333333333335,24.8,0.14,0.09,0.02,340000,4300,4.0,33500,430000,7.4,False
Enfield,2024-06,2024-06-01,2024,6,2,summer,1.2246467991473532e-16,-1.0,3141,9.24,3260.0,2836.0,3542.0,3000.3333333333335,2995.0,24.8,0.14,0.09,0.02,340000,4300,4.0,33500,430000,7.4,False
Enfield,2024-07,2024-07-01,2024,7,3,summer,-0.4999999999999998,-0.8660254037844388,3156,9.28,3141.0,2905.0,3108.0,3102.0,2995.0,24.8,0.14,0.09,0.02,340000,4300,4.0,33500,430000,7.4,False
Enfield,2024-08,2024-08-01,2024,8,3,summer,-0.8660254037844384,-0.5000000000000004,3160,9.29,3156.0,3260.0,3040.0,3185.6666666666665,3016.8333333333335,24.8,0.14,0.09,0.02,340000,4300,4.0,33500,430000,7.4,False
Enfield,2024-09,2024-09-01,2024,9,3,autumn,-1.0,-1.8369701987210294e-16,3413,10.04,3160.0,3141.0,3171.0,3152.3333333333335,3076.3333333333335,24.8,0.14,0.09,0.02,340000,4300,4.0,33500,430000,7.4,False
Enfield,2024-10,2024-10-01,2024,10,4,autumn,-0.8660254037844386,0.5000000000000001,3406,10.02,3413.0,3156.0,3069.0,3243.0,3172.5,24.8,0.14,0.09,0.02,340000,4300,4.0,33500,430000,7.4,False
Enfield,2024-11,2024-11-01,2024,11,4,autumn,-0.5000000000000004,0.8660254037844384,3246,9.55,3406.0,3160.0,3097.0,3326.3333333333335,3256.0,24.8,0.14,0.09,0.02,340000,4300,4.0,33500,430000,7.4,False
Enfield,2024-12,2024-12-01,2024,12,4,winter,-2.4492935982947064e-16,1.0,2925,8.6,3246.0,3413.0,3141.0,3355.0,3253.6666666666665,24.8,0.14,0.09,0.02,340000,4300,4.0,33500,430000,7.4,False
Enfield,2025-01,2025-01-01,2025,1,1,winter,0.4999999999999999,0.8660254037844387,2978,8.76,2925.0,3406.0,3025.0,3192.3333333333335,3217.6666666666665,24.8,0.14,0.09,0.02,340000,4300,4.0,33500,430000,7.4,False
Enfield,2025-02,2025-02-01,2025,2,1,winter,0.8660254037844386,0.5000000000000001,2666,7.84,2978.0,3246.0,2803.0,3049.6666666666665,3188.0,24.8,0.14,0.09,0.02,340000,4300,4.0,33500,430000,7.4,False
Enfield,2025-03,2025-03-01,2025,3,1,spring,1.0,6.123233995736766e-17,3079,9.06,2666.0,2925.0,2836.0,2856.3333333333335,3105.6666666666665,24.8,0.14,0.09,0.02,340000,4300,4.0,33500,430000,7.4,False
Enfield,2025-04,2025-04-01,2025,4,2,spring,0.8660254037844387,-0.4999999999999998,2919,8.59,3079.0,2978.0,2905.0,2907.6666666666665,3050.0,24.8,0.14,0.09,0.02,340000,4300,4.0,33500,430000,7.4,False
Enfield,2025-05,2025-05-01,2025,5,2,spring,0.4999999999999999,-0.8660254037844387,3149,9.26,2919.0,2666.0,3260.0,2888.0,2968.8333333333335,24.8,0.14,0.09,0.02,340000,4300,4.0,33500,430000,7.4,False
Enfield,2025-06,2025-06-01,2025,6,2,summer,1.2246467991473532e-16,-1.0,3142,9.24,3149.0,3079.0,3141.0,3049.0,2952.6666666666665,24.8,0.14,0.09,0.02,340000,4300,4.0,33500,430000,7.4,False
Enfield,2025-07,2025-07-01,2025,7,3,summer,-0.4999999999999998,-0.8660254037844388,3374,9.92,3142.0,2919.0,3156.0,3070.0,2988.8333333333335,24.8,0.14,0.09,0.02,340000,4300,4.0,33500,430000,7.4,False
Enfield,2025-08,2025-08-01,2025,8,3,summer,-0.8660254037844384,-0.5000000000000004,2910,8.56,3374.0,3149.0,3160.0,3221.6666666666665,3054.8333333333335,24.8,0.14,0.09,0.02,340000,4300,4.0,33500,430000,7.4,False
Enfield,2025-09,2025-09-01,2025,9,3,autumn,-1.0,-1.8369701987210294e-16,3015,8.87,2910.0,3142.0,3413.0,3142.0,3095.5,24.8,0.14,0.09,0.02,340000,4300,4.0,33500,430000,7.4,False
Enfield,2025-10,2025-10-01,2025,10,4,autumn,-0.8660254037844386,0.5000000000000001,3212,9.45,3015.0,3374.0,3406.0,3099.6666666666665,3084.8333333333335,24.8,0.14,0.09,0.02,340000,4300,4.0,33500,430000,7.4,False
Enfield,2025-11,2025-11-01,2025,11,4,autumn,-0.5000000000000004,0.8660254037844384,3040,8.94,3212.0,2910.0,3246.0,3045.6666666666665,3133.6666666666665,24.8,0.14,0.09,0.02,340000,4300,4.0,33500,430000,7.4,False
Enfield,2025-12,2025-12-01,2025,12,4,winter,-2.4492935982947064e-16,1.0,2879,8.47,3040.0,3015.0,2925.0,3089.0,3115.5,24.8,0.14,0.09,0.02,340000,4300,4.0,33500,430000,7.4,False
Enfield,2026-01,2026-01-01,2026,1,1,winter,0.4999999999999999,0.8660254037844387,2826,8.31,2879.0,3212.0,2978.0,3043.6666666666665,3071.6666666666665,24.8,0.14,0.09,0.02,340000,4300,4.0,33500,430000,7.4,False
Enfield,2026-02,2026-02-01,2026,2,1,winter,0.8660254037844386,0.5000000000000001,2880,8.47,2826.0,3040.0,2666.0,2915.0,2980.3333333333335,24.8,0.14,0.09,0.02,340000,4300,4.0,33500,430000,7.4,False
Greenwich,2023-03,2023-03-01,2023,3,1,spring,1.0,6.123233995736766e-17,2715,9.3,,,,2852.5,2994.4,26.2,0.14,0.09,0.28,292000,4400,4.1,33000,430000,6.8,False
Greenwich,2023-04,2023-04-01,2023,4,2,spring,0.8660254037844387,-0.4999999999999998,2672,9.15,2715.0,,,2770.5,2934.4,26.2,0.14,0.09,0.28,292000,4400,4.1,33000,430000,6.8,False
Greenwich,2023-05,2023-05-01,2023,5,2,spring,0.4999999999999999,-0.8660254037844387,3013,10.32,2672.0,,,2693.5,2826.4,26.2,0.14,0.09,0.28,292000,4400,4.1,33000,430000,6.8,False
Greenwich,2023-06,2023-06-01,2023,6,2,summer,1.2246467991473532e-16,-1.0,3413,11.69,3013.0,2715.0,,2800.0,2821.0,26.2,0.14,0.09,0.28,292000,4400,4.1,33000,430000,6.8,False
Greenwich,2023-07,2023-07-01,2023,7,3,summer,-0.4999999999999998,-0.8660254037844388,3113,10.66,3413.0,2672.0,,3032.6666666666665,2927.8,26.2,0.14,0.09,0.28,292000,4400,4.1,33000,430000,6.8,False
Greenwich,2023-08,2023-08-01,2023,8,3,summer,-0.8660254037844384,-0.5000000000000004,2805,9.61,3113.0,3013.0,,3179.6666666666665,2985.2,26.2,0.14,0.09,0.28,292000,4400,4.1,33000,430000,6.8,False
Greenwich,2023-09,2023-09-01,2023,9,3,autumn,-1.0,-1.8369701987210294e-16,2922,10.01,2805.0,3413.0,,3110.3333333333335,2955.1666666666665,26.2,0.14,0.09,0.28,292000,4400,4.1,33000,430000,6.8,False
Greenwich,2023-10,2023-10-01,2023,10,4,autumn,-0.8660254037844386,0.5000000000000001,2646,9.06,2922.0,3113.0,,2946.6666666666665,2989.6666666666665,26.2,0.14,0.09,0.28,292000,4400,4.1,33000,430000,6.8,False
Greenwich,2023-11,2023-11-01,2023,11,4,autumn,-0.5000000000000004,0.8660254037844384,2801,9.59,2646.0,2805.0,,2791.0,2985.3333333333335,26.2,0.14,0.09,0.28,292000,4400,4.1,33000,430000,6.8,False
Greenwich,2023-12,2023-12-01,2023,12,4,winter,-2.4492935982947064e-16,1.0,2827,9.68,2801.0,2922.0,,2789.6666666666665,2950.0,26.2,0.14,0.09,0.28,292000,4400,4.1,33000,430000,6.8,False
Greenwich,2024-01,2024-01-01,2024,1,1,winter,0.4999999999999999,0.8660254037844387,2772,9.49,2827.0,2646.0,,2758.0,2852.3333333333335,26.2,0.14,0.09,0.28,292000,4400,4.1,33000,430000,6.8,False
Greenwich,2024-02,2024-02-01,2024,2,1,winter,0.8660254037844386,0.5000000000000001,2646,9.06,2772.0,2801.0,,2800.0,2795.5,26.2,0.14,0.09,0.28,292000,4400,4.1,33000,430000,6.8,False
Greenwich,2024-03,2024-03-01,2024,3,1,spring,1.0,6.123233995736766e-17,2672,9.15,2646.0,2827.0,2715.0,2748.3333333333335,2769.0,26.2,0.14,0.09,0.28,292000,4400,4.1,33000,430000,6.8,False
Greenwich,2024-04,2024-04-01,2024,4,2,spring,0.8660254037844387,-0.4999999999999998,2598,8.9,2672.0,2772.0,2672.0,2696.6666666666665,2727.3333333333335,26.2,0.14,0.09,0.28,292000,4400,4.1,33000,430000,6.8,False
Greenwich,2024-05,2024-05-01,2024,5,2,spring,0.4999999999999999,-0.8660254037844387,3020,10.34,2598.0,2646.0,3013.0,2638.6666666666665,2719.3333333333335,26.2,0.14,0.09,0.28,292000,4400,4.1,33000,430000,6.8,False
Greenwich,2024-06,2024-06-01,2024,6,2,summer,1.2246467991473532e-16,-1.0,2887,9.89,3020.0,2672.0,3413.0,2763.3333333333335,2755.8333333333335,26.2,0.14,0.09,0.28,292000,4400,4.1,33000,430000,6.8,False
Greenwich,2024-07,2024-07-01,2024,7,3,summer,-0.4999999999999998,-0.8660254037844388,2876,9.85,2887.0,2598.0,3113.0,2835.0,2765.8333333333335,26.2,0.14,0.09,0.28,292000,4400,4.1,33000,430000,6.8,False
Greenwich,2024-08,2024-08-01,2024,8,3,summer,-0.8660254037844384,-0.5000000000000004,2957,10.13,2876.0,3020.0,2805.0,2927.6666666666665,2783.1666666666665,26.2,0.14,0.09,0.28,292000,4400,4.1,33000,430000,6.8,False
Greenwich,2024-09,2024-09-01,2024,9,3,autumn,-1.0,-1.8369701987210294e-16,2964,10.15,2957.0,2887.0,2922.0,2906.6666666666665,2835.0,26.2,0.14,0.09,0.28,292000,4400,4.1,33000,430000,6.8,False
Greenwich,2024-10,2024-10-01,2024,10,4,autumn,-0.8660254037844386,0.5000000000000001,3023,10.35,2964.0,2876.0,2646.0,2932.3333333333335,2883.6666666666665,26.2,0.14,0.09,0.28,292000,4400,4.1,33000,430000,6.8,False
Greenwich,2024-11,2024-11-01,2024,11,4,autumn,-0.5000000000000004,0.8660254037844384,2891,9.9,3023.0,2957.0,2801.0,2981.3333333333335,2954.5,26.2,0.14,0.09,0.28,292000,4400,4.1,33000,430000,6.8,False
Greenwich,2024-12,2024-12-01,2024,12,4,winter,-2.4492935982947064e-16,1.0,2740,9.38,2891.0,2964.0,2827.0,2959.3333333333335,2933.0,26.2,0.14,0.09,0.28,292000,4400,4.1,33000,430000,6.8,False
Greenwich,2025-01,2025-01-01,2025,1,1,winter,0.4999999999999999,0.8660254037844387,2559,8.76,2740.0,3023.0,2772.0,2884.6666666666665,2908.5,26.2,0.14,0.09,0.28,292000,4400,4.1,33000,430000,6.8,False
Greenwich,2025-02,2025-02-01,2025,2,1,winter,0.8660254037844386,0.5000000000000001,2500,8.56,2559.0,2891.0,2646.0,2730.0,2855.6666666666665,26.2,0.14,0.09,0.28,292000,4400,4.1,33000,430000,6.8,False
Greenwich,2025-03,2025-03-01,2025,3,1,spring,1.0,6.123233995736766e-17,2897,9.92,2500.0,2740.0,2672.0,2599.6666666666665,2779.5,26.2,0.14,0.09,0.28,292000,4400,4.1,33000,430000,6.8,False
Greenwich,2025-04,2025-04-01,2025,4,2,spring,0.8660254037844387,-0.4999999999999998,2919,10.0,2897.0,2559.0,2598.0,2652.0,2768.3333333333335,26.2,0.14,0.09,0.28,292000,4400,4.1,33000,430000,6.8,False
Greenwich,2025-05,2025-05-01,2025,5,2,spring,0.4999999999999999,-0.8660254037844387,3076,10.53,2919.0,2500.0,3020.0,2772.0,2751.0,26.2,0.14,0.09,0.28,292000,4400,4.1,33000,430000,6.8,False
Greenwich,2025-06,2025-06-01,2025,6,2,summer,1.2246467991473532e-16,-1.0,3048,10.44,3076.0,2897.0,2887.0,2964.0,2781.8333333333335,26.2,0.14,0.09,0.28,292000,4400,4.1,33000,430000,6.8,False
Greenwich,2025-07,2025-07-01,2025,7,3,summer,-0.4999999999999998,-0.8660254037844388,3211,11.0,3048.0,2919.0,2876.0,3014.3333333333335,2833.1666666666665,26.2,0.14,0.09,0.28,292000,4400,4.1,33000,430000,6.8,False
Greenwich,2025-08,2025-08-01,2025,8,3,summer,-0.8660254037844384,-0.5000000000000004,3088,10.58,3211.0,3076.0,2957.0,3111.6666666666665,2941.8333333333335,26.2,0.14,0.09,0.28,292000,4400,4.1,33000,430000,6.8,False
Greenwich,2025-09,2025-09-01,2025,9,3,autumn,-1.0,-1.8369701987210294e-16,2781,9.52,3088.0,3048.0,2964.0,3115.6666666666665,3039.8333333333335,26.2,0.14,0.09,0.28,292000,4400,4.1,33000,430000,6.8,False
Greenwich,2025-10,2025-10-01,2025,10,4,autumn,-0.8660254037844386,0.5000000000000001,2853,9.77,2781.0,3211.0,3023.0,3026.6666666666665,3020.5,26.2,0.14,0.09,0.28,292000,4400,4.1,33000,430000,6.8,False
Greenwich,2025-11,2025-11-01,2025,11,4,autumn,-0.5000000000000004,0.8660254037844384,2675,9.16,2853.0,3088.0,2891.0,2907.3333333333335,3009.5,26.2,0.14,0.09,0.28,292000,4400,4.1,33000,430000,6.8,False
Greenwich,2025-12,2025-12-01,2025,12,4,winter,-2.4492935982947064e-16,1.0,2636,9.03,2675.0,2781.0,2740.0,2769.6666666666665,2942.6666666666665,26.2,0.14,0.09,0.28,292000,4400,4.1,33000,430000,6.8,False
Greenwich,2026-01,2026-01-01,2026,1,1,winter,0.4999999999999999,0.8660254037844387,2639,9.04,2636.0,2853.0,2559.0,2721.3333333333335,2874.0,26.2,0.14,0.09,0.28,292000,4400,4.1,33000,430000,6.8,False
Greenwich,2026-02,2026-02-01,2026,2,1,winter,0.8660254037844386,0.5000000000000001,2633,9.02,2639.0,2675.0,2500.0,2650.0,2778.6666666666665,26.2,0.14,0.09,0.28,292000,4400,4.1,33000,430000,6.8,False
Hackney,2023-03,2023-03-01,2023,3,1,spring,1.0,6.123233995736766e-17,3152,11.14,,,,2637.5,2716.8,38.0,0.23,0.14,0.92,283000,11000,5.5,35000,580000,8.5,False
Hackney,2023-04,2023-04-01,2023,4,2,spring,0.8660254037844387,-0.4999999999999998,2876,10.16,3152.0,,,2895.5,2791.0,38.0,0.23,0.14,0.92,283000,11000,5.5,35000,580000,8.5,False
Hackney,2023-05,2023-05-01,2023,5,2,spring,0.4999999999999999,-0.8660254037844387,3316,11.72,2876.0,,,3014.0,2795.6,38.0,0.23,0.14,0.92,283000,11000,5.5,35000,580000,8.5,False
Hackney,2023-06,2023-06-01,2023,6,2,summer,1.2246467991473532e-16,-1.0,3786,13.38,3316.0,3152.0,,3114.6666666666665,2923.8,38.0,0.23,0.14,0.92,283000,11000,5.5,35000,580000,8.5,False
Hackney,2023-07,2023-07-01,2023,7,3,summer,-0.4999999999999998,-0.8660254037844388,3494,12.35,3786.0,2876.0,,3326.0,3153.8,38.0,0.23,0.14,0.92,283000,11000,5.5,35000,580000,8.5,False
Hackney,2023-08,2023-08-01,2023,8,3,summer,-0.8660254037844384,-0.5000000000000004,3269,11.55,3494.0,3316.0,,3532.0,3324.8,38.0,0.23,0.14,0.92,283000,11000,5.5,35000,580000,8.5,False
Hackney,2023-09,2023-09-01,2023,9,3,autumn,-1.0,-1.8369701987210294e-16,3435,12.14,3269.0,3786.0,,3516.3333333333335,3315.5,38.0,0.23,0.14,0.92,283000,11000,5.5,35000,580000,8.5,False
Hackney,2023-10,2023-10-01,2023,10,4,autumn,-0.8660254037844386,0.5000000000000001,3508,12.4,3435.0,3494.0,,3399.3333333333335,3362.6666666666665,38.0,0.23,0.14,0.92,283000,11000,5.5,35000,580000,8.5,False
Hackney,2023-11,2023-11-01,2023,11,4,autumn,-0.5000000000000004,0.8660254037844384,3338,11.8,3508.0,3269.0,,3404.0,3468.0,38.0,0.23,0.14,0.92,283000,11000,5.5,35000,580000,8.5,False
Hackney,2023-12,2023-12-01,2023,12,4,winter,-2.4492935982947064e-16,1.0,3351,11.84,3338.0,3435.0,,3427.0,3471.6666666666665,38.0,0.23,0.14,0.92,283000,11000,5.5,35000,580000,8.5,False
Hackney,2024-01,2024-01-01,2024,1,1,winter,0.4999999999999999,0.8660254037844387,3439,12.15,3351.0,3508.0,,3399.0,3399.1666666666665,38.0,0.23,0.14,0.92,283000,11000,5.5,35000,580000,8.5,False
Hackney,2024-02,2024-02-01,2024,2,1,winter,0.8660254037844386,0.5000000000000001,3325,11.75,3439.0,3338.0,,3376.0,3390.0,38.0,0.23,0.14,0.92,283000,11000,5.5,35000,580000,8.5,False
Hackney,2024-03,2024-03-01,2024,3,1,spring,1.0,6.123233995736766e-17,3213,11.35,3325.0,3351.0,3152.0,3371.6666666666665,3399.3333333333335,38.0,0.23,0.14,0.92,283000,11000,5.5,35000,580000,8.5,False
Hackney,2024-04,2024-04-01,2024,4,2,spring,0.8660254037844387,-0.4999999999999998,3276,11.58,3213.0,3439.0,2876.0,3325.6666666666665,3362.3333333333335,38.0,0.23,0.14,0.92,283000,11000,5.5,35000,580000,8.5,False
Hackney,2024-05,2024-05-01,2024,5,2,spring,0.4999999999999999,-0.8660254037844387,3737,13.2,3276.0,3325.0,3316.0,3271.3333333333335,3323.6666666666665,38.0,0.23,0.14,0.92,283000,11000,5.5,35000,580000,8.5,False
Hackney,2024-06,2024-06-01,2024,6,2,summer,1.2246467991473532e-16,-1.0,3262,11.53,3737.0,3213.0,3786.0,3408.6666666666665,3390.1666666666665,38.0,0.23,0.14,0.92,283000,11000,5.5,35000,580000,8.5,False
Hackney,2024-07,2024-07-01,2024,7,3,summer,-0.4999999999999998,-0.8660254037844388,3444,12.17,3262.0,3276.0,3494.0,3425.0,3375.3333333333335,38.0,0.23,0.14,0.92,283000,11000,5.5,35000,580000,8.5,False
Hackney,2024-08,2024-08-01,2024,8,3,summer,-0.8660254037844384,-0.5000000000000004,3585,12.67,3444.0,3737.0,3269.0,3481.0,3376.1666666666665,38.0,0.23,0.14,0.92,283000,11000,5.5,35000,580000,8.5,False
Hackney,2024-09,2024-09-01,2024,9,3,autumn,-1.0,-1.8369701987210294e-16,3399,12.01,3585.0,3262.0,3435.0,3430.3333333333335,3419.5,38.0,0.23,0.14,0.92,283000,11000,5.5,35000,580000,8.5,False
Hackney,2024-10,2024-10-01,2024,10,4,autumn,-0.8660254037844386,0.5000000000000001,3642,12.87,3399.0,3444.0,3508.0,3476.0,3450.5,38.0,0.23,0.14,0.92,283000,11000,5.5,35000,580000,8.5,False
Hackney,2024-11,2024-11-01,2024,11,4,autumn,-0.5000000000000004,0.8660254037844384,3412,12.06,3642.0,3585.0,3338.0,3542.0,3511.5,38.0,0.23,0.14,0.92,283000,11000,5.5,35000,580000,8.5,False
Hackney,2024-12,2024-12-01,2024,12,4,winter,-2.4492935982947064e-16,1.0,3057,10.8,3412.0,3399.0,3351.0,3484.3333333333335,3457.3333333333335,38.0,0.23,0.14,0.92,283000,11000,5.5,35000,580000,8.5,False
Hackney,2025-01,2025-01-01,2025,1,1,winter,0.4999999999999999,0.8660254037844387,2865,10.12,3057.0,3642.0,3439.0,3370.3333333333335,3423.1666666666665,38.0,0.23,0.14,0.92,283000,11000,5.5,35000,580000,8.5,False
Hackney,2025-02,2025-02-01,2025,2,1,winter,0.8660254037844386,0.5000000000000001,2627,9.28,2865.0,3412.0,3325.0,3111.3333333333335,3326.6666666666665,38.0,0.23,0.14,0.92,283000,11000,5.5,35000,580000,8.5,False
Hackney,2025-03,2025-03-01,2025,3,1,spring,1.0,6.123233995736766e-17,3200,11.31,2627.0,3057.0,3213.0,2849.6666666666665,3167.0,38.0,0.23,0.14,0.92,283000,11000,5.5,35000,580000,8.5,False
Hackney,2025-04,2025-04-01,2025,4,2,spring,0.8660254037844387,-0.4999999999999998,3184,11.25,3200.0,2865.0,3276.0,2897.3333333333335,3133.8333333333335,38.0,0.23,0.14,0.92,283000,11000,5.5,35000,580000,8.5,False
Hackney,2025-05,2025-05-01,2025,5,2,spring,0.4999999999999999,-0.8660254037844387,3491,12.34,3184.0,2627.0,3737.0,3003.6666666666665,3057.5,38.0,0.23,0.14,0.92,283000,11000,5.5,35000,580000,8.5,False
Hackney,2025-06,2025-06-01,2025,6,2,summer,1.2246467991473532e-16,-1.0,3648,12.89,3491.0,3200.0,3262.0,3291.6666666666665,3070.6666666666665,38.0,0.23,0.14,0.92,283000,11000,5.5,35000,580000,8.5,False
Hackney,2025-07,2025-07-01,2025,7,3,summer,-0.4999999999999998,-0.8660254037844388,3872,13.68,3648.0,3184.0,3444.0,3441.0,3169.1666666666665,38.0,0.23,0.14,0.92,283000,11000,5.5,35000,580000,8.5,False
Hackney,2025-08,2025-08-01,2025,8,3,summer,-0.8660254037844384,-0.5000000000000004,3535,12.49,3872.0,3491.0,3585.0,3670.3333333333335,3337.0,38.0,0.23,0.14,0.92,283000,11000,5.5,35000,580000,8.5,False
Hackney,2025-09,2025-09-01,2025,9,3,autumn,-1.0,-1.8369701987210294e-16,3360,11.87,3535.0,3648.0,3399.0,3685.0,3488.3333333333335,38.0,0.23,0.14,0.92,283000,11000,5.5,35000,580000,8.5,False
Hackney,2025-10,2025-10-01,2025,10,4,autumn,-0.8660254037844386,0.5000000000000001,3425,12.1,3360.0,3872.0,3642.0,3589.0,3515.0,38.0,0.23,0.14,0.92,283000,11000,5.5,35000,580000,8.5,False
Hackney,2025-11,2025-11-01,2025,11,4,autumn,-0.5000000000000004,0.8660254037844384,3192,11.28,3425.0,3535.0,3412.0,3440.0,3555.1666666666665,38.0,0.23,0.14,0.92,283000,11000,5.5,35000,580000,8.5,False
Hackney,2025-12,2025-12-01,2025,12,4,winter,-2.4492935982947064e-16,1.0,3155,11.15,3192.0,3360.0,3057.0,3325.6666666666665,3505.3333333333335,38.0,0.23,0.14,0.92,283000,11000,5.5,35000,580000,8.5,False
Hackney,2026-01,2026-01-01,2026,1,1,winter,0.4999999999999999,0.8660254037844387,2964,10.47,3155.0,3425.0,2865.0,3257.3333333333335,3423.1666666666665,38.0,0.23,0.14,0.92,283000,11000,5.5,35000,580000,8.5,False
Hackney,2026-02,2026-02-01,2026,2,1,winter,0.8660254037844386,0.5000000000000001,2773,9.8,2964.0,3192.0,2627.0,3103.6666666666665,3271.8333333333335,38.0,0.23,0.14,0.92,283000,11000,5.5,35000,580000,8.5,False
Hammersmith and Fulham,2023-03,2023-03-01,2023,3,1,spring,1.0,6.123233995736766e-17,2236,11.89,,,,3059.5,3219.2,22.5,0.12,0.08,0.43,188000,9000,3.2,42000,780000,6.1,False
Hammersmith and Fulham,2023-04,2023-04-01,2023,4,2,spring,0.8660254037844387,-0.4999999999999998,2237,11.9,2236.0,,,2600.0,2994.4,22.5,0.12,0.08,0.43,188000,9000,3.2,42000,780000,6.1,False
Hammersmith and Fulham,2023-05,2023-05-01,2023,5,2,spring,0.4999999999999999,-0.8660254037844387,2449,13.03,2237.0,,,2236.5,2756.8,22.5,0.12,0.08,0.43,188000,9000,3.2,42000,780000,6.1,False
Hammersmith and Fulham,2023-06,2023-06-01,2023,6,2,summer,1.2246467991473532e-16,-1.0,2542,13.52,2449.0,2236.0,,2307.3333333333335,2608.2,22.5,0.12,0.08,0.43,188000,9000,3.2,42000,780000,6.1,False
Hammersmith and Fulham,2023-07,2023-07-01,2023,7,3,summer,-0.4999999999999998,-0.8660254037844388,2397,12.75,2542.0,2237.0,,2409.3333333333335,2485.6,22.5,0.12,0.08,0.43,188000,9000,3.2,42000,780000,6.1,False
Hammersmith and Fulham,2023-08,2023-08-01,2023,8,3,summer,-0.8660254037844384,-0.5000000000000004,2297,12.22,2397.0,2449.0,,2462.6666666666665,2372.2,22.5,0.12,0.08,0.43,188000,9000,3.2,42000,780000,6.1,False
Hammersmith and Fulham,2023-09,2023-09-01,2023,9,3,autumn,-1.0,-1.8369701987210294e-16,2422,12.88,2297.0,2542.0,,2412.0,2359.6666666666665,22.5,0.12,0.08,0.43,188000,9000,3.2,42000,780000,6.1,False
Hammersmith and Fulham,2023-10,2023-10-01,2023,10,4,autumn,-0.8660254037844386,0.5000000000000001,2307,12.27,2422.0,2397.0,,2372.0,2390.6666666666665,22.5,0.12,0.08,0.43,188000,9000,3.2,42000,780000,6.1,False
Hammersmith and Fulham,2023-11,2023-11-01,2023,11,4,autumn,-0.5000000000000004,0.8660254037844384,2287,12.16,2307.0,2297.0,,2342.0,2402.3333333333335,22.5,0.12,0.08,0.43,188000,9000,3.2,42000,780000,6.1,False
Hammersmith and Fulham,2023-12,2023-12-01,2023,12,4,winter,-2.4492935982947064e-16,1.0,2221,11.81,2287.0,2422.0,,2338.6666666666665,2375.3333333333335,22.5,0.12,0.08,0.43,188000,9000,3.2,42000,780000,6.1,False
Hammersmith and Fulham,2024-01,2024-01-01,2024,1,1,winter,0.4999999999999999,0.8660254037844387,2244,11.94,2221.0,2307.0,,2271.6666666666665,2321.8333333333335,22.5,0.12,0.08,0.43,188000,9000,3.2,42000,780000,6.1,False
Hammersmith and Fulham,2024-02,2024-02-01,2024,2,1,winter,0.8660254037844386,0.5000000000000001,2307,12.27,2244.0,2287.0,,2250.6666666666665,2296.3333333333335,22.5,0.12,0.08,0.43,188000,9000,3.2,42000,780000,6.1,False
Hammersmith and Fulham,2024-03,2024-03-01,2024,3,1,spring,1.0,6.123233995736766e-17,2269,12.07,2307.0,2221.0,2236.0,2257.3333333333335,2298.0,22.5,0.12,0.08,0.43,188000,9000,3.2,42000,780000,6.1,False
Hammersmith and Fulham,2024-04,2024-04-01,2024,4,2,spring,0.8660254037844387,-0.4999999999999998,2235,11.89,2269.0,2244.0,2237.0,2273.3333333333335,2272.5,22.5,0.12,0.08,0.43,188000,9000,3.2,42000,780000,6.1,False
Hammersmith and Fulham,2024-05,2024-05-01,2024,5,2,spring,0.4999999999999999,-0.8660254037844387,2409,12.81,2235.0,2307.0,2449.0,2270.3333333333335,2260.5,22.5,0.12,0.08,0.43,188000,9000,3.2,42000,780000,6.1,False
Hammersmith and Fulham,2024-06,2024-06-01,2024,6,2,summer,1.2246467991473532e-16,-1.0,2291,12.19,2409.0,2269.0,2542.0,2304.3333333333335,2280.8333333333335,22.5,0.12,0.08,0.43,188000,9000,3.2,42000,780000,6.1,False
Hammersmith and Fulham,2024-07,2024-07-01,2024,7,3,summer,-0.4999999999999998,-0.8660254037844388,2322,12.35,2291.0,2235.0,2397.0,2311.6666666666665,2292.5,22.5,0.12,0.08,0.43,188000,9000,3.2,42000,780000,6.1,False
Hammersmith and Fulham,2024-08,2024-08-01,2024,8,3,summer,-0.8660254037844384,-0.5000000000000004,2394,12.73,2322.0,2409.0,2297.0,2340.6666666666665,2305.5,22.5,0.12,0.08,0.43,188000,9000,3.2,42000,780000,6.1,False
Hammersmith and Fulham,2024-09,2024-09-01,2024,9,3,autumn,-1.0,-1.8369701987210294e-16,2319,12.34,2394.0,2291.0,2422.0,2335.6666666666665,2320.0,22.5,0.12,0.08,0.43,188000,9000,3.2,42000,780000,6.1,False
Hammersmith and Fulham,2024-10,2024-10-01,2024,10,4,autumn,-0.8660254037844386,0.5000000000000001,2473,13.15,2319.0,2322.0,2307.0,2345.0,2328.3333333333335,22.5,0.12,0.08,0.43,188000,9000,3.2,42000,780000,6.1,False
Hammersmith and Fulham,2024-11,2024-11-01,2024,11,4,autumn,-0.5000000000000004,0.8660254037844384,2318,12.33,2473.0,2394.0,2287.0,2395.3333333333335,2368.0,22.5,0.12,0.08,0.43,188000,9000,3.2,42000,780000,6.1,False
Hammersmith and Fulham,2024-12,2024-12-01,2024,12,4,winter,-2.4492935982947064e-16,1.0,2143,11.4,2318.0,2319.0,2221.0,2370.0,2352.8333333333335,22.5,0.12,0.08,0.43,188000,9000,3.2,42000,780000,6.1,False
Hammersmith and Fulham,2025-01,2025-01-01,2025,1,1,winter,0.4999999999999999,0.8660254037844387,2108,11.21,2143.0,2473.0,2244.0,2311.3333333333335,2328.1666666666665,22.5,0.12,0.08,0.43,188000,9000,3.2,42000,780000,6.1,False
Hammersmith and Fulham,2025-02,2025-02-01,2025,2,1,winter,0.8660254037844386,0.5000000000000001,2004,10.66,2108.0,2318.0,2307.0,2189.6666666666665,2292.5,22.5,0.12,0.08,0.43,188000,9000,3.2,42000,780000,6.1,False
Hammersmith and Fulham,2025-03,2025-03-01,2025,3,1,spring,1.0,6.123233995736766e-17,2220,11.81,2004.0,2143.0,2269.0,2085.0,2227.5,22.5,0.12,0.08,0.43,188000,9000,3.2,42000,780000,6.1,False
Hammersmith and Fulham,2025-04,2025-04-01,2025,4,2,spring,0.8660254037844387,-0.4999999999999998,2193,11.66,2220.0,2108.0,2235.0,2110.6666666666665,2211.0,22.5,0.12,0.08,0.43,188000,9000,3.2,42000,780000,6.1,False
Hammersmith and Fulham,2025-05,2025-05-01,2025,5,2,spring,0.4999999999999999,-0.8660254037844387,2431,12.93,2193.0,2004.0,2409.0,2139.0,2164.3333333333335,22.5,0.12,0.08,0.43,188000,9000,3.2,42000,780000,6.1,False
Hammersmith and Fulham,2025-06,2025-06-01,2025,6,2,summer,1.2246467991473532e-16,-1.0,2330,12.39,2431.0,2220.0,2291.0,2281.3333333333335,2183.1666666666665,22.5,0.12,0.08,0.43,188000,9000,3.2,42000,780000,6.1,False
Hammersmith and Fulham,2025-07,2025-07-01,2025,7,3,summer,-0.4999999999999998,-0.8660254037844388,2462,13.1,2330.0,2193.0,2322.0,2318.0,2214.3333333333335,22.5,0.12,0.08,0.43,188000,9000,3.2,42000,780000,6.1,False
Hammersmith and Fulham,2025-08,2025-08-01,2025,8,3,summer,-0.8660254037844384,-0.5000000000000004,2391,12.72,2462.0,2431.0,2394.0,2407.6666666666665,2273.3333333333335,22.5,0.12,0.08,0.43,188000,9000,3.2,42000,780000,6.1,False
Hammersmith and Fulham,2025-09,2025-09-01,2025,9,3,autumn,-1.0,-1.8369701987210294e-16,2256,12.0,2391.0,2330.0,2319.0,2394.3333333333335,2337.8333333333335,22.5,0.12,0.08,0.43,188000,9000,3.2,42000,780000,6.1,False
Hammersmith and Fulham,2025-10,2025-10-01,2025,10,4,autumn,-0.8660254037844386,0.5000000000000001,2316,12.32,2256.0,2462.0,2473.0,2369.6666666666665,2343.8333333333335,22.5,0.12,0.08,0.43,188000,9000,3.2,42000,780000,6.1,False
Hammersmith and Fulham,2025-11,2025-11-01,2025,11,4,autumn,-0.5000000000000004,0.8660254037844384,2200,11.7,2316.0,2391.0,2318.0,2321.0,2364.3333333333335,22.5,0.12,0.08,0.43,188000,9000,3.2,42000,780000,6.1,False
Hammersmith and Fulham,2025-12,2025-12-01,2025,12,4,winter,-2.4492935982947064e-16,1.0,2081,11.07,2200.0,2256.0,2143.0,2257.3333333333335,2325.8333333333335,22.5,0.12,0.08,0.43,188000,9000,3.2,42000,780000,6.1,False
Hammersmith and Fulham,2026-01,2026-01-01,2026,1,1,winter,0.4999999999999999,0.8660254037844387,2037,10.84,2081.0,2316.0,2108.0,2199.0,2284.3333333333335,22.5,0.12,0.08,0.43,188000,9000,3.2,42000,780000,6.1,False
Hammersmith and Fulham,2026-02,2026-02-01,2026,2,1,winter,0.8660254037844386,0.5000000000000001,1967,10.46,2037.0,2200.0,2004.0,2106.0,2213.5,22.5,0.12,0.08,0.43,188000,9000,3.2,42000,780000,6.1,False
Haringey,2023-03,2023-03-01,2023,3,1,spring,1.0,6.123233995736766e-17,3299,11.78,,,,2059.0,2178.0,33.8,0.19,0.12,0.6,280000,8300,5.0,34000,520000,8.9,False
Haringey,2023-04,2023-04-01,2023,4,2,spring,0.8660254037844387,-0.4999999999999998,2959,10.57,3299.0,,,2668.0,2386.6,33.8,0.19,0.12,0.6,280000,8300,5.0,34000,520000,8.9,False
Haringey,2023-05,2023-05-01,2023,5,2,spring,0.4999999999999999,-0.8660254037844387,3214,11.48,2959.0,,,3129.0,2515.2,33.8,0.19,0.12,0.6,280000,8300,5.0,34000,520000,8.9,False
Haringey,2023-06,2023-06-01,2023,6,2,summer,1.2246467991473532e-16,-1.0,3441,12.29,3214.0,3299.0,,3157.3333333333335,2718.0,33.8,0.19,0.12,0.6,280000,8300,5.0,34000,520000,8.9,False
Haringey,2023-07,2023-07-01,2023,7,3,summer,-0.4999999999999998,-0.8660254037844388,3307,11.81,3441.0,2959.0,,3204.6666666666665,2990.0,33.8,0.19,0.12,0.6,280000,8300,5.0,34000,520000,8.9,False
Haringey,2023-08,2023-08-01,2023,8,3,summer,-0.8660254037844384,-0.5000000000000004,2929,10.46,3307.0,3214.0,,3320.6666666666665,3244.0,33.8,0.19,0.12,0.6,280000,8300,5.0,34000,520000,8.9,False
Haringey,2023-09,2023-09-01,2023,9,3,autumn,-1.0,-1.8369701987210294e-16,3153,11.26,2929.0,3441.0,,3225.6666666666665,3191.5,33.8,0.19,0.12,0.6,280000,8300,5.0,34000,520000,8.9,False
Haringey,2023-10,2023-10-01,2023,10,4,autumn,-0.8660254037844386,0.5000000000000001,3163,11.3,3153.0,3307.0,,3129.6666666666665,3167.1666666666665,33.8,0.19,0.12,0.6,280000,8300,5.0,34000,520000,8.9,False
Haringey,2023-11,2023-11-01,2023,11,4,autumn,-0.5000000000000004,0.8660254037844384,3122,11.15,3163.0,2929.0,,3081.6666666666665,3201.1666666666665,33.8,0.19,0.12,0.6,280000,8300,5.0,34000,520000,8.9,False
Haringey,2023-12,2023-12-01,2023,12,4,winter,-2.4492935982947064e-16,1.0,2854,10.19,3122.0,3153.0,,3146.0,3185.8333333333335,33.8,0.19,0.12,0.6,280000,8300,5.0,34000,520000,8.9,False
Haringey,2024-01,2024-01-01,2024,1,1,winter,0.4999999999999999,0.8660254037844387,2821,10.08,2854.0,3163.0,,3046.3333333333335,3088.0,33.8,0.19,0.12,0.6,280000,8300,5.0,34000,520000,8.9,False
Haringey,2024-02,2024-02-01,2024,2,1,winter,0.8660254037844386,0.5000000000000001,2826,10.09,2821.0,3122.0,,2932.3333333333335,3007.0,33.8,0.19,0.12,0.6,280000,8300,5.0,34000,520000,8.9,False
Haringey,2024-03,2024-03-01,2024,3,1,spring,1.0,6.123233995736766e-17,2802,10.01,2826.0,2854.0,3299.0,2833.6666666666665,2989.8333333333335,33.8,0.19,0.12,0.6,280000,8300,5.0,34000,520000,8.9,False
Haringey,2024-04,2024-04-01,2024,4,2,spring,0.8660254037844387,-0.4999999999999998,2804,10.01,2802.0,2821.0,2959.0,2816.3333333333335,2931.3333333333335,33.8,0.19,0.12,0.6,280000,8300,5.0,34000,520000,8.9,False
Haringey,2024-05,2024-05-01,2024,5,2,spring,0.4999999999999999,-0.8660254037844387,3252,11.61,2804.0,2826.0,3214.0,2810.6666666666665,2871.5,33.8,0.19,0.12,0.6,280000,8300,5.0,34000,520000,8.9,False
Haringey,2024-06,2024-06-01,2024,6,2,summer,1.2246467991473532e-16,-1.0,2990,10.68,3252.0,2802.0,3441.0,2952.6666666666665,2893.1666666666665,33.8,0.19,0.12,0.6,280000,8300,5.0,34000,520000,8.9,False
Haringey,2024-07,2024-07-01,2024,7,3,summer,-0.4999999999999998,-0.8660254037844388,3212,11.47,2990.0,2804.0,3307.0,3015.3333333333335,2915.8333333333335,33.8,0.19,0.12,0.6,280000,8300,5.0,34000,520000,8.9,False
Haringey,2024-08,2024-08-01,2024,8,3,summer,-0.8660254037844384,-0.5000000000000004,3045,10.88,3212.0,3252.0,2929.0,3151.3333333333335,2981.0,33.8,0.19,0.12,0.6,280000,8300,5.0,34000,520000,8.9,False
Haringey,2024-09,2024-09-01,2024,9,3,autumn,-1.0,-1.8369701987210294e-16,2913,10.4,3045.0,2990.0,3153.0,3082.3333333333335,3017.5,33.8,0.19,0.12,0.6,280000,8300,5.0,34000,520000,8.9,False
Haringey,2024-10,2024-10-01,2024,10,4,autumn,-0.8660254037844386,0.5000000000000001,3091,11.04,2913.0,3212.0,3163.0,3056.6666666666665,3036.0,33.8,0.19,0.12,0.6,280000,8300,5.0,34000,520000,8.9,False
Haringey,2024-11,2024-11-01,2024,11,4,autumn,-0.5000000000000004,0.8660254037844384,2806,10.02,3091.0,3045.0,3122.0,3016.3333333333335,3083.8333333333335,33.8,0.19,0.12,0.6,280000,8300,5.0,34000,520000,8.9,False
Haringey,2024-12,2024-12-01,2024,12,4,winter,-2.4492935982947064e-16,1.0,2688,9.6,2806.0,2913.0,2854.0,2936.6666666666665,3009.5,33.8,0.19,0.12,0.6,280000,8300,5.0,34000,520000,8.9,False
Haringey,2025-01,2025-01-01,2025,1,1,winter,0.4999999999999999,0.8660254037844387,2635,9.41,2688.0,3091.0,2821.0,2861.6666666666665,2959.1666666666665,33.8,0.19,0.12,0.6,280000,8300,5.0,34000,520000,8.9,False
Haringey,2025-02,2025-02-01,2025,2,1,winter,0.8660254037844386,0.5000000000000001,2570,9.18,2635.0,2806.0,2826.0,2709.6666666666665,2863.0,33.8,0.19,0.12,0.6,280000,8300,5.0,34000,520000,8.9,False
Haringey,2025-03,2025-03-01,2025,3,1,spring,1.0,6.123233995736766e-17,2935,10.48,2570.0,2688.0,2802.0,2631.0,2783.8333333333335,33.8,0.19,0.12,0.6,280000,8300,5.0,34000,520000,8.9,False
Haringey,2025-04,2025-04-01,2025,4,2,spring,0.8660254037844387,-0.4999999999999998,2908,10.39,2935.0,2635.0,2804.0,2713.3333333333335,2787.5,33.8,0.19,0.12,0.6,280000,8300,5.0,34000,520000,8.9,False
Haringey,2025-05,2025-05-01,2025,5,2,spring,0.4999999999999999,-0.8660254037844387,3299,11.78,2908.0,2570.0,3252.0,2804.3333333333335,2757.0,33.8,0.19,0.12,0.6,280000,8300,5.0,34000,520000,8.9,False
Haringey,2025-06,2025-06-01,2025,6,2,summer,1.2246467991473532e-16,-1.0,3288,11.74,3299.0,2935.0,2990.0,3047.3333333333335,2839.1666666666665,33.8,0.19,0.12,0.6,280000,8300,5.0,34000,520000,8.9,False
Haringey,2025-07,2025-07-01,2025,7,3,summer,-0.4999999999999998,-0.8660254037844388,3476,12.41,3288.0,2908.0,3212.0,3165.0,2939.1666666666665,33.8,0.19,0.12,0.6,280000,8300,5.0,34000,520000,8.9,False
Haringey,2025-08,2025-08-01,2025,8,3,summer,-0.8660254037844384,-0.5000000000000004,3165,11.3,3476.0,3299.0,3045.0,3354.3333333333335,3079.3333333333335,33.8,0.19,0.12,0.6,280000,8300,5.0,34000,520000,8.9,False
Haringey,2025-09,2025-09-01,2025,9,3,autumn,-1.0,-1.8369701987210294e-16,2779,9.92,3165.0,3288.0,2913.0,3309.6666666666665,3178.5,33.8,0.19,0.12,0.6,280000,8300,5.0,34000,520000,8.9,False
Haringey,2025-10,2025-10-01,2025,10,4,autumn,-0.8660254037844386,0.5000000000000001,3029,10.82,2779.0,3476.0,3091.0,3140.0,3152.5,33.8,0.19,0.12,0.6,280000,8300,5.0,34000,520000,8.9,False
Haringey,2025-11,2025-11-01,2025,11,4,autumn,-0.5000000000000004,0.8660254037844384,3003,10.72,3029.0,3165.0,2806.0,2991.0,3172.6666666666665,33.8,0.19,0.12,0.6,280000,8300,5.0,34000,520000,8.9,False
Haringey,2025-12,2025-12-01,2025,12,4,winter,-2.4492935982947064e-16,1.0,2706,9.66,3003.0,2779.0,2688.0,2937.0,3123.3333333333335,33.8,0.19,0.12,0.6,280000,8300,5.0,34000,520000,8.9,False
Haringey,2026-01,2026-01-01,2026,1,1,winter,0.4999999999999999,0.8660254037844387,2544,9.09,2706.0,3029.0,2635.0,2912.6666666666665,3026.3333333333335,33.8,0.19,0.12,0.6,280000,8300,5.0,34000,520000,8.9,False
Haringey,2026-02,2026-02-01,2026,2,1,winter,0.8660254037844386,0.5000000000000001,2385,8.52,2544.0,3003.0,2570.0,2751.0,2871.0,33.8,0.19,0.12,0.6,280000,8300,5.0,34000,520000,8.9,False
Harrow,2023-03,2023-03-01,2023,3,1,spring,1.0,6.123233995736766e-17,1647,6.38,,,,2625.0,2812.2,20.3,0.11,0.07,-0.1,258000,3700,3.5,35000,450000,8.0,False
Harrow,2023-04,2023-04-01,2023,4,2,spring,0.8660254037844387,-0.4999999999999998,1556,6.03,1647.0,,,2095.5,2585.8,20.3,0.11,0.07,-0.1,258000,3700,3.5,35000,450000,8.0,False
Harrow,2023-05,2023-05-01,2023,5,2,spring,0.4999999999999999,-0.8660254037844387,1773,6.87,1556.0,,,1601.5,2291.2,20.3,0.11,0.07,-0.1,258000,3700,3.5,35000,450000,8.0,False
Harrow,2023-06,2023-06-01,2023,6,2,summer,1.2246467991473532e-16,-1.0,1913,7.41,1773.0,1647.0,,1658.6666666666667,2045.2,20.3,0.11,0.07,-0.1,258000,3700,3.5,35000,450000,8.0,False
Harrow,2023-07,2023-07-01,2023,7,3,summer,-0.4999999999999998,-0.8660254037844388,1687,6.54,1913.0,1556.0,,1747.3333333333333,1886.6,20.3,0.11,0.07,-0.1,258000,3700,3.5,35000,450000,8.0,False
Harrow,2023-08,2023-08-01,2023,8,3,summer,-0.8660254037844384,-0.5000000000000004,1603,6.21,1687.0,1773.0,,1791.0,1715.2,20.3,0.11,0.07,-0.1,258000,3700,3.5,35000,450000,8.0,False
Harrow,2023-09,2023-09-01,2023,9,3,autumn,-1.0,-1.8369701987210294e-16,1703,6.6,1603.0,1913.0,,1734.3333333333333,1696.5,20.3,0.11,0.07,-0.1,258000,3700,3.5,35000,450000,8.0,False
Harrow,2023-10,2023-10-01,2023,10,4,autumn,-0.8660254037844386,0.5000000000000001,1646,6.38,1703.0,1687.0,,1664.3333333333333,1705.8333333333333,20.3,0.11,0.07,-0.1,258000,3700,3.5,35000,450000,8.0,False
Harrow,2023-11,2023-11-01,2023,11,4,autumn,-0.5000000000000004,0.8660254037844384,1707,6.62,1646.0,1603.0,,1650.6666666666667,1720.8333333333333,20.3,0.11,0.07,-0.1,258000,3700,3.5,35000,450000,8.0,False
Harrow,2023-12,2023-12-01,2023,12,4,winter,-2.4492935982947064e-16,1.0,1700,6.59,1707.0,1703.0,,1685.3333333333333,1709.8333333333333,20.3,0.11,0.07,-0.1,258000,3700,3.5,35000,450000,8.0,False
Harrow,2024-01,2024-01-01,2024,1,1,winter,0.4999999999999999,0.8660254037844387,1656,6.42,1700.0,1646.0,,1684.3333333333333,1674.3333333333333,20.3,0.11,0.07,-0.1,258000,3700,3.5,35000,450000,8.0,False
Harrow,2024-02,2024-02-01,2024,2,1,winter,0.8660254037844386,0.5000000000000001,1636,6.34,1656.0,1707.0,,1687.6666666666667,1669.1666666666667,20.3,0.11,0.07,-0.1,258000,3700,3.5,35000,450000,8.0,False
Harrow,2024-03,2024-03-01,2024,3,1,spring,1.0,6.123233995736766e-17,1737,6.73,1636.0,1700.0,1647.0,1664.0,1674.6666666666667,20.3,0.11,0.07,-0.1,258000,3700,3.5,35000,450000,8.0,False
Harrow,2024-04,2024-04-01,2024,4,2,spring,0.8660254037844387,-0.4999999999999998,1680,6.51,1737.0,1656.0,1556.0,1676.3333333333333,1680.3333333333333,20.3,0.11,0.07,-0.1,258000,3700,3.5,35000,450000,8.0,False
Harrow,2024-05,2024-05-01,2024,5,2,spring,0.4999999999999999,-0.8660254037844387,1810,7.02,1680.0,1636.0,1773.0,1684.3333333333333,1686.0,20.3,0.11,0.07,-0.1,258000,3700,3.5,35000,450000,8.0,False
Harrow,2024-06,2024-06-01,2024,6,2,summer,1.2246467991473532e-16,-1.0,1710,6.63,1810.0,1737.0,1913.0,1742.3333333333333,1703.1666666666667,20.3,0.11,0.07,-0.1,258000,3700,3.5,35000,450000,8.0,False
Harrow,2024-07,2024-07-01,2024,7,3,summer,-0.4999999999999998,-0.8660254037844388,1831,7.1,1710.0,1680.0,1687.0,1733.3333333333333,1704.8333333333333,20.3,0.11,0.07,-0.1,258000,3700,3.5,35000,450000,8.0,False
Harrow,2024-08,2024-08-01,2024,8,3,summer,-0.8660254037844384,-0.5000000000000004,1828,7.09,1831.0,1810.0,1603.0,1783.6666666666667,1734.0,20.3,0.11,0.07,-0.1,258000,3700,3.5,35000,450000,8.0,False
Harrow,2024-09,2024-09-01,2024,9,3,autumn,-1.0,-1.8369701987210294e-16,1862,7.22,1828.0,1710.0,1703.0,1789.6666666666667,1766.0,20.3,0.11,0.07,-0.1,258000,3700,3.5,35000,450000,8.0,False
Harrow,2024-10,2024-10-01,2024,10,4,autumn,-0.8660254037844386,0.5000000000000001,2029,7.86,1862.0,1831.0,1646.0,1840.3333333333333,1786.8333333333333,20.3,0.11,0.07,-0.1,258000,3700,3.5,35000,450000,8.0,False
Harrow,2024-11,2024-11-01,2024,11,4,autumn,-0.5000000000000004,0.8660254037844384,1884,7.3,2029.0,1828.0,1707.0,1906.3333333333333,1845.0,20.3,0.11,0.07,-0.1,258000,3700,3.5,35000,450000,8.0,False
Harrow,2024-12,2024-12-01,2024,12,4,winter,-2.4492935982947064e-16,1.0,1712,6.64,1884.0,1862.0,1700.0,1925.0,1857.3333333333333,20.3,0.11,0.07,-0.1,258000,3700,3.5,35000,450000,8.0,False
Harrow,2025-01,2025-01-01,2025,1,1,winter,0.4999999999999999,0.8660254037844387,1613,6.25,1712.0,2029.0,1656.0,1875.0,1857.6666666666667,20.3,0.11,0.07,-0.1,258000,3700,3.5,35000,450000,8.0,False
Harrow,2025-02,2025-02-01,2025,2,1,winter,0.8660254037844386,0.5000000000000001,1580,6.12,1613.0,1884.0,1636.0,1736.3333333333333,1821.3333333333333,20.3,0.11,0.07,-0.1,258000,3700,3.5,35000,450000,8.0,False
Harrow,2025-03,2025-03-01,2025,3,1,spring,1.0,6.123233995736766e-17,1660,6.43,1580.0,1712.0,1737.0,1635.0,1780.0,20.3,0.11,0.07,-0.1,258000,3700,3.5,35000,450000,8.0,False
Harrow,2025-04,2025-04-01,2025,4,2,spring,0.8660254037844387,-0.4999999999999998,1737,6.73,1660.0,1613.0,1680.0,1617.6666666666667,1746.3333333333333,20.3,0.11,0.07,-0.1,258000,3700,3.5,35000,450000,8.0,False
Harrow,2025-05,2025-05-01,2025,5,2,spring,0.4999999999999999,-0.8660254037844387,1871,7.25,1737.0,1580.0,1810.0,1659.0,1697.6666666666667,20.3,0.11,0.07,-0.1,258000,3700,3.5,35000,450000,8.0,False
Harrow,2025-06,2025-06-01,2025,6,2,summer,1.2246467991473532e-16,-1.0,1924,7.46,1871.0,1660.0,1710.0,1756.0,1695.5,20.3,0.11,0.07,-0.1,258000,3700,3.5,35000,450000,8.0,False
Harrow,2025-07,2025-07-01,2025,7,3,summer,-0.4999999999999998,-0.8660254037844388,2007,7.78,1924.0,1737.0,1831.0,1844.0,1730.8333333333333,20.3,0.11,0.07,-0.1,258000,3700,3.5,35000,450000,8.0,False
Harrow,2025-08,2025-08-01,2025,8,3,summer,-0.8660254037844384,-0.5000000000000004,1841,7.14,2007.0,1871.0,1828.0,1934.0,1796.5,20.3,0.11,0.07,-0.1,258000,3700,3.5,35000,450000,8.0,False
Harrow,2025-09,2025-09-01,2025,9,3,autumn,-1.0,-1.8369701987210294e-16,1786,6.92,1841.0,1924.0,1862.0,1924.0,1840.0,20.3,0.11,0.07,-0.1,258000,3700,3.5,35000,450000,8.0,False
Harrow,2025-10,2025-10-01,2025,10,4,autumn,-0.8660254037844386,0.5000000000000001,2002,7.76,1786.0,2007.0,2029.0,1878.0,1861.0,20.3,0.11,0.07,-0.1,258000,3700,3.5,35000,450000,8.0,False
Harrow,2025-11,2025-11-01,2025,11,4,autumn,-0.5000000000000004,0.8660254037844384,1861,7.21,2002.0,1841.0,1884.0,1876.3333333333333,1905.1666666666667,20.3,0.11,0.07,-0.1,258000,3700,3.5,35000,450000,8.0,False
Harrow,2025-12,2025-12-01,2025,12,4,winter,-2.4492935982947064e-16,1.0,1687,6.54,1861.0,1786.0,1712.0,1883.0,1903.5,20.3,0.11,0.07,-0.1,258000,3700,3.5,35000,450000,8.0,False
Harrow,2026-01,2026-01-01,2026,1,1,winter,0.4999999999999999,0.8660254037844387,1695,6.57,1687.0,2002.0,1613.0,1850.0,1864.0,20.3,0.11,0.07,-0.1,258000,3700,3.5,35000,450000,8.0,False
Harrow,2026-02,2026-02-01,2026,2,1,winter,0.8660254037844386,0.5000000000000001,1766,6.84,1695.0,1861.0,1580.0,1747.6666666666667,1812.0,20.3,0.11,0.07,-0.1,258000,3700,3.5,35000,450000,8.0,False
Havering,2023-03,2023-03-01,2023,3,1,spring,1.0,6.123233995736766e-17,1978,7.52,,,,1691.0,1806.2,15.7,0.08,0.06,-0.42,263000,2100,2.6,34000,380000,3.5,False
Havering,2023-04,2023-04-01,2023,4,2,spring,0.8660254037844387,-0.4999999999999998,1918,7.29,1978.0,,,1836.5,1844.6,15.7,0.08,0.06,-0.42,263000,2100,2.6,34000,380000,3.5,False
Havering,2023-05,2023-05-01,2023,5,2,spring,0.4999999999999999,-0.8660254037844387,2123,8.07,1918.0,,,1948.0,1827.8,15.7,0.08,0.06,-0.42,263000,2100,2.6,34000,380000,3.5,False
Havering,2023-06,2023-06-01,2023,6,2,summer,1.2246467991473532e-16,-1.0,2337,8.89,2123.0,1978.0,,2006.3333333333333,1880.2,15.7,0.08,0.06,-0.42,263000,2100,2.6,34000,380000,3.5,False
Havering,2023-07,2023-07-01,2023,7,3,summer,-0.4999999999999998,-0.8660254037844388,2228,8.47,2337.0,1918.0,,2126.0,2010.2,15.7,0.08,0.06,-0.42,263000,2100,2.6,34000,380000,3.5,False
Havering,2023-08,2023-08-01,2023,8,3,summer,-0.8660254037844384,-0.5000000000000004,2126,8.08,2228.0,2123.0,,2229.3333333333335,2116.8,15.7,0.08,0.06,-0.42,263000,2100,2.6,34000,380000,3.5,False
Havering,2023-09,2023-09-01,2023,9,3,autumn,-1.0,-1.8369701987210294e-16,2159,8.21,2126.0,2337.0,,2230.3333333333335,2118.3333333333335,15.7,0.08,0.06,-0.42,263000,2100,2.6,34000,380000,3.5,False
Havering,2023-10,2023-10-01,2023,10,4,autumn,-0.8660254037844386,0.5000000000000001,2323,8.83,2159.0,2228.0,,2171.0,2148.5,15.7,0.08,0.06,-0.42,263000,2100,2.6,34000,380000,3.5,False
Havering,2023-11,2023-11-01,2023,11,4,autumn,-0.5000000000000004,0.8660254037844384,2214,8.42,2323.0,2126.0,,2202.6666666666665,2216.0,15.7,0.08,0.06,-0.42,263000,2100,2.6,34000,380000,3.5,False
Havering,2023-12,2023-12-01,2023,12,4,winter,-2.4492935982947064e-16,1.0,2082,7.92,2214.0,2159.0,,2232.0,2231.1666666666665,15.7,0.08,0.06,-0.42,263000,2100,2.6,34000,380000,3.5,False
Havering,2024-01,2024-01-01,2024,1,1,winter,0.4999999999999999,0.8660254037844387,2081,7.91,2082.0,2323.0,,2206.3333333333335,2188.6666666666665,15.7,0.08,0.06,-0.42,263000,2100,2.6,34000,380000,3.5,False
Havering,2024-02,2024-02-01,2024,2,1,winter,0.8660254037844386,0.5000000000000001,2152,8.18,2081.0,2214.0,,2125.6666666666665,2164.1666666666665,15.7,0.08,0.06,-0.42,263000,2100,2.6,34000,380000,3.5,False
Havering,2024-03,2024-03-01,2024,3,1,spring,1.0,6.123233995736766e-17,2049,7.79,2152.0,2082.0,1978.0,2105.0,2168.5,15.7,0.08,0.06,-0.42,263000,2100,2.6,34000,380000,3.5,False
Havering,2024-04,2024-04-01,2024,4,2,spring,0.8660254037844387,-0.4999999999999998,2036,7.74,2049.0,2081.0,1918.0,2094.0,2150.1666666666665,15.7,0.08,0.06,-0.42,263000,2100,2.6,34000,380000,3.5,False
Havering,2024-05,2024-05-01,2024,5,2,spring,0.4999999999999999,-0.8660254037844387,2227,8.47,2036.0,2152.0,2123.0,2079.0,2102.3333333333335,15.7,0.08,0.06,-0.42,263000,2100,2.6,34000,380000,3.5,False
Havering,2024-06,2024-06-01,2024,6,2,summer,1.2246467991473532e-16,-1.0,2189,8.32,2227.0,2049.0,2337.0,2104.0,2104.5,15.7,0.08,0.06,-0.42,263000,2100,2.6,34000,380000,3.5,False
Havering,2024-07,2024-07-01,2024,7,3,summer,-0.4999999999999998,-0.8660254037844388,2300,8.75,2189.0,2036.0,2228.0,2150.6666666666665,2122.3333333333335,15.7,0.08,0.06,-0.42,263000,2100,2.6,34000,380000,3.5,False
Havering,2024-08,2024-08-01,2024,8,3,summer,-0.8660254037844384,-0.5000000000000004,2214,8.42,2300.0,2227.0,2126.0,2238.6666666666665,2158.8333333333335,15.7,0.08,0.06,-0.42,263000,2100,2.6,34000,380000,3.5,False
Havering,2024-09,2024-09-01,2024,9,3,autumn,-1.0,-1.8369701987210294e-16,1997,7.59,2214.0,2189.0,2159.0,2234.3333333333335,2169.1666666666665,15.7,0.08,0.06,-0.42,263000,2100,2.6,34000,380000,3.5,False
Havering,2024-10,2024-10-01,2024,10,4,autumn,-0.8660254037844386,0.5000000000000001,2115,8.04,1997.0,2300.0,2323.0,2170.3333333333335,2160.5,15.7,0.08,0.06,-0.42,263000,2100,2.6,34000,380000,3.5,False
Havering,2024-11,2024-11-01,2024,11,4,autumn,-0.5000000000000004,0.8660254037844384,2117,8.05,2115.0,2214.0,2214.0,2108.6666666666665,2173.6666666666665,15.7,0.08,0.06,-0.42,263000,2100,2.6,34000,380000,3.5,False
Havering,2024-12,2024-12-01,2024,12,4,winter,-2.4492935982947064e-16,1.0,1789,6.8,2117.0,1997.0,2082.0,2076.3333333333335,2155.3333333333335,15.7,0.08,0.06,-0.42,263000,2100,2.6,34000,380000,3.5,False
Havering,2025-01,2025-01-01,2025,1,1,winter,0.4999999999999999,0.8660254037844387,1829,6.95,1789.0,2115.0,2081.0,2007.0,2088.6666666666665,15.7,0.08,0.06,-0.42,263000,2100,2.6,34000,380000,3.5,False
Havering,2025-02,2025-02-01,2025,2,1,winter,0.8660254037844386,0.5000000000000001,1668,6.34,1829.0,2117.0,2152.0,1911.6666666666667,2010.1666666666667,15.7,0.08,0.06,-0.42,263000,2100,2.6,34000,380000,3.5,False
Havering,2025-03,2025-03-01,2025,3,1,spring,1.0,6.123233995736766e-17,2043,7.77,1668.0,1789.0,2049.0,1762.0,1919.1666666666667,15.7,0.08,0.06,-0.42,263000,2100,2.6,34000,380000,3.5,False
Havering,2025-04,2025-04-01,2025,4,2,spring,0.8660254037844387,-0.4999999999999998,2001,7.61,2043.0,1829.0,2036.0,1846.6666666666667,1926.8333333333333,15.7,0.08,0.06,-0.42,263000,2100,2.6,34000,380000,3.5,False
Havering,2025-05,2025-05-01,2025,5,2,spring,0.4999999999999999,-0.8660254037844387,2144,8.15,2001.0,1668.0,2227.0,1904.0,1907.8333333333333,15.7,0.08,0.06,-0.42,263000,2100,2.6,34000,380000,3.5,False
Havering,2025-06,2025-06-01,2025,6,2,summer,1.2246467991473532e-16,-1.0,2275,8.65,2144.0,2043.0,2189.0,2062.6666666666665,1912.3333333333333,15.7,0.08,0.06,-0.42,263000,2100,2.6,34000,380000,3.5,False
Havering,2025-07,2025-07-01,2025,7,3,summer,-0.4999999999999998,-0.8660254037844388,2404,9.14,2275.0,2001.0,2300.0,2140.0,1993.3333333333333,15.7,0.08,0.06,-0.42,263000,2100,2.6,34000,380000,3.5,False
Havering,2025-08,2025-08-01,2025,8,3,summer,-0.8660254037844384,-0.5000000000000004,2171,8.25,2404.0,2144.0,2214.0,2274.3333333333335,2089.1666666666665,15.7,0.08,0.06,-0.42,263000,2100,2.6,34000,380000,3.5,False
Havering,2025-09,2025-09-01,2025,9,3,autumn,-1.0,-1.8369701987210294e-16,1979,7.52,2171.0,2275.0,1997.0,2283.3333333333335,2173.0,15.7,0.08,0.06,-0.42,263000,2100,2.6,34000,380000,3.5,False
Havering,2025-10,2025-10-01,2025,10,4,autumn,-0.8660254037844386,0.5000000000000001,2059,7.83,1979.0,2404.0,2115.0,2184.6666666666665,2162.3333333333335,15.7,0.08,0.06,-0.42,263000,2100,2.6,34000,380000,3.5,False
Havering,2025-11,2025-11-01,2025,11,4,autumn,-0.5000000000000004,0.8660254037844384,1987,7.56,2059.0,2171.0,2117.0,2069.6666666666665,2172.0,15.7,0.08,0.06,-0.42,263000,2100,2.6,34000,380000,3.5,False
Havering,2025-12,2025-12-01,2025,12,4,winter,-2.4492935982947064e-16,1.0,2012,7.65,1987.0,1979.0,1789.0,2008.3333333333333,2145.8333333333335,15.7,0.08,0.06,-0.42,263000,2100,2.6,34000,380000,3.5,False
Havering,2026-01,2026-01-01,2026,1,1,winter,0.4999999999999999,0.8660254037844387,1868,7.1,2012.0,2059.0,1829.0,2019.3333333333333,2102.0,15.7,0.08,0.06,-0.42,263000,2100,2.6,34000,380000,3.5,False
Havering,2026-02,2026-02-01,2026,2,1,winter,0.8660254037844386,0.5000000000000001,1878,7.14,1868.0,1987.0,1668.0,1955.6666666666667,2012.6666666666667,15.7,0.08,0.06,-0.42,263000,2100,2.6,34000,380000,3.5,False
Hillingdon,2023-03,2023-03-01,2023,3,1,spring,1.0,6.123233995736766e-17,2643,8.34,,,,1940.0,1981.0,18.8,0.1,0.07,-0.11,317000,2800,3.0,35000,400000,6.2,False
Hillingdon,2023-04,2023-04-01,2023,4,2,spring,0.8660254037844387,-0.4999999999999998,2469,7.79,2643.0,,,2255.5,2113.8,18.8,0.1,0.07,-0.11,317000,2800,3.0,35000,400000,6.2,False
Hillingdon,2023-05,2023-05-01,2023,5,2,spring,0.4999999999999999,-0.8660254037844387,2951,9.31,2469.0,,,2556.0,2195.8,18.8,0.1,0.07,-0.11,317000,2800,3.0,35000,400000,6.2,False
Hillingdon,2023-06,2023-06-01,2023,6,2,summer,1.2246467991473532e-16,-1.0,3260,10.28,2951.0,2643.0,,2687.6666666666665,2388.6,18.8,0.1,0.07,-0.11,317000,2800,3.0,35000,400000,6.2,False
Hillingdon,2023-07,2023-07-01,2023,7,3,summer,-0.4999999999999998,-0.8660254037844388,3127,9.86,3260.0,2469.0,,2893.3333333333335,2638.2,18.8,0.1,0.07,-0.11,317000,2800,3.0,35000,400000,6.2,False
Hillingdon,2023-08,2023-08-01,2023,8,3,summer,-0.8660254037844384,-0.5000000000000004,2971,9.37,3127.0,2951.0,,3112.6666666666665,2890.0,18.8,0.1,0.07,-0.11,317000,2800,3.0,35000,400000,6.2,False
Hillingdon,2023-09,2023-09-01,2023,9,3,autumn,-1.0,-1.8369701987210294e-16,3075,9.7,2971.0,3260.0,,3119.3333333333335,2903.5,18.8,0.1,0.07,-0.11,317000,2800,3.0,35000,400000,6.2,False
Hillingdon,2023-10,2023-10-01,2023,10,4,autumn,-0.8660254037844386,0.5000000000000001,3100,9.78,3075.0,3127.0,,3057.6666666666665,2975.5,18.8,0.1,0.07,-0.11,317000,2800,3.0,35000,400000,6.2,False
Hillingdon,2023-11,2023-11-01,2023,11,4,autumn,-0.5000000000000004,0.8660254037844384,2999,9.46,3100.0,2971.0,,3048.6666666666665,3080.6666666666665,18.8,0.1,0.07,-0.11,317000,2800,3.0,35000,400000,6.2,False
Hillingdon,2023-12,2023-12-01,2023,12,4,winter,-2.4492935982947064e-16,1.0,2881,9.09,2999.0,3075.0,,3058.0,3088.6666666666665,18.8,0.1,0.07,-0.11,317000,2800,3.0,35000,400000,6.2,False
Hillingdon,2024-01,2024-01-01,2024,1,1,winter,0.4999999999999999,0.8660254037844387,3117,9.83,2881.0,3100.0,,2993.3333333333335,3025.5,18.8,0.1,0.07,-0.11,317000,2800,3.0,35000,400000,6.2,False
Hillingdon,2024-02,2024-02-01,2024,2,1,winter,0.8660254037844386,0.5000000000000001,2906,9.17,3117.0,2999.0,,2999.0,3023.8333333333335,18.8,0.1,0.07,-0.11,317000,2800,3.0,35000,400000,6.2,False
Hillingdon,2024-03,2024-03-01,2024,3,1,spring,1.0,6.123233995736766e-17,2954,9.32,2906.0,2881.0,2643.0,2968.0,3013.0,18.8,0.1,0.07,-0.11,317000,2800,3.0,35000,400000,6.2,False
Hillingdon,2024-04,2024-04-01,2024,4,2,spring,0.8660254037844387,-0.4999999999999998,2973,9.38,2954.0,3117.0,2469.0,2992.3333333333335,2992.8333333333335,18.8,0.1,0.07,-0.11,317000,2800,3.0,35000,400000,6.2,False
Hillingdon,2024-05,2024-05-01,2024,5,2,spring,0.4999999999999999,-0.8660254037844387,3125,9.86,2973.0,2906.0,2951.0,2944.3333333333335,2971.6666666666665,18.8,0.1,0.07,-0.11,317000,2800,3.0,35000,400000,6.2,False
Hillingdon,2024-06,2024-06-01,2024,6,2,summer,1.2246467991473532e-16,-1.0,3237,10.21,3125.0,2954.0,3260.0,3017.3333333333335,2992.6666666666665,18.8,0.1,0.07,-0.11,317000,2800,3.0,35000,400000,6.2,False
Hillingdon,2024-07,2024-07-01,2024,7,3,summer,-0.4999999999999998,-0.8660254037844388,3444,10.86,3237.0,2973.0,3127.0,3111.6666666666665,3052.0,18.8,0.1,0.07,-0.11,317000,2800,3.0,35000,400000,6.2,False
Hillingdon,2024-08,2024-08-01,2024,8,3,summer,-0.8660254037844384,-0.5000000000000004,3400,10.73,3444.0,3125.0,2971.0,3268.6666666666665,3106.5,18.8,0.1,0.07,-0.11,317000,2800,3.0,35000,400000,6.2,False
Hillingdon,2024-09,2024-09-01,2024,9,3,autumn,-1.0,-1.8369701987210294e-16,3033,9.57,3400.0,3237.0,3075.0,3360.3333333333335,3188.8333333333335,18.8,0.1,0.07,-0.11,317000,2800,3.0,35000,400000,6.2,False
Hillingdon,2024-10,2024-10-01,2024,10,4,autumn,-0.8660254037844386,0.5000000000000001,3304,10.42,3033.0,3444.0,3100.0,3292.3333333333335,3202.0,18.8,0.1,0.07,-0.11,317000,2800,3.0,35000,400000,6.2,False
Hillingdon,2024-11,2024-11-01,2024,11,4,autumn,-0.5000000000000004,0.8660254037844384,3322,10.48,3304.0,3400.0,2999.0,3245.6666666666665,3257.1666666666665,18.8,0.1,0.07,-0.11,317000,2800,3.0,35000,400000,6.2,False
Hillingdon,2024-12,2024-12-01,2024,12,4,winter,-2.4492935982947064e-16,1.0,3055,9.64,3322.0,3033.0,2881.0,3219.6666666666665,3290.0,18.8,0.1,0.07,-0.11,317000,2800,3.0,35000,400000,6.2,False
Hillingdon,2025-01,2025-01-01,2025,1,1,winter,0.4999999999999999,0.8660254037844387,3040,9.59,3055.0,3304.0,3117.0,3227.0,3259.6666666666665,18.8,0.1,0.07,-0.11,317000,2800,3.0,35000,400000,6.2,False
Hillingdon,2025-02,2025-02-01,2025,2,1,winter,0.8660254037844386,0.5000000000000001,2925,9.23,3040.0,3322.0,2906.0,3139.0,3192.3333333333335,18.8,0.1,0.07,-0.11,317000,2800,3.0,35000,400000,6.2,False
Hillingdon,2025-03,2025-03-01,2025,3,1,spring,1.0,6.123233995736766e-17,3092,9.75,2925.0,3055.0,2954.0,3006.6666666666665,3113.1666666666665,18.8,0.1,0.07,-0.11,317000,2800,3.0,35000,400000,6.2,False
Hillingdon,2025-04,2025-04-01,2025,4,2,spring,0.8660254037844387,-0.4999999999999998,3201,10.1,3092.0,3040.0,2973.0,3019.0,3123.0,18.8,0.1,0.07,-0.11,317000,2800,3.0,35000,400000,6.2,False
Hillingdon,2025-05,2025-05-01,2025,5,2,spring,0.4999999999999999,-0.8660254037844387,3330,10.5,3201.0,2925.0,3125.0,3072.6666666666665,3105.8333333333335,18.8,0.1,0.07,-0.11,317000,2800,3.0,35000,400000,6.2,False
Hillingdon,2025-06,2025-06-01,2025,6,2,summer,1.2246467991473532e-16,-1.0,3350,10.57,3330.0,3092.0,3237.0,3207.6666666666665,3107.1666666666665,18.8,0.1,0.07,-0.11,317000,2800,3.0,35000,400000,6.2,False
Hillingdon,2025-07,2025-07-01,2025,7,3,summer,-0.4999999999999998,-0.8660254037844388,3644,11.5,3350.0,3201.0,3444.0,3293.6666666666665,3156.3333333333335,18.8,0.1,0.07,-0.11,317000,2800,3.0,35000,400000,6.2,False
Hillingdon,2025-08,2025-08-01,2025,8,3,summer,-0.8660254037844384,-0.5000000000000004,3398,10.72,3644.0,3330.0,3400.0,3441.3333333333335,3257.0,18.8,0.1,0.07,-0.11,317000,2800,3.0,35000,400000,6.2,False
Hillingdon,2025-09,2025-09-01,2025,9,3,autumn,-1.0,-1.8369701987210294e-16,3291,10.38,3398.0,3350.0,3033.0,3464.0,3335.8333333333335,18.8,0.1,0.07,-0.11,317000,2800,3.0,35000,400000,6.2,False
Hillingdon,2025-10,2025-10-01,2025,10,4,autumn,-0.8660254037844386,0.5000000000000001,3404,10.74,3291.0,3644.0,3304.0,3444.3333333333335,3369.0,18.8,0.1,0.07,-0.11,317000,2800,3.0,35000,400000,6.2,False
Hillingdon,2025-11,2025-11-01,2025,11,4,autumn,-0.5000000000000004,0.8660254037844384,3285,10.36,3404.0,3398.0,3322.0,3364.3333333333335,3402.8333333333335,18.8,0.1,0.07,-0.11,317000,2800,3.0,35000,400000,6.2,False
Hillingdon,2025-12,2025-12-01,2025,12,4,winter,-2.4492935982947064e-16,1.0,3168,9.99,3285.0,3291.0,3055.0,3326.6666666666665,3395.3333333333335,18.8,0.1,0.07,-0.11,317000,2800,3.0,35000,400000,6.2,False
Hillingdon,2026-01,2026-01-01,2026,1,1,winter,0.4999999999999999,0.8660254037844387,3146,9.92,3168.0,3404.0,3040.0,3285.6666666666665,3365.0,18.8,0.1,0.07,-0.11,317000,2800,3.0,35000,400000,6.2,False
Hillingdon,2026-02,2026-02-01,2026,2,1,winter,0.8660254037844386,0.5000000000000001,2943,9.28,3146.0,3285.0,2925.0,3199.6666666666665,3282.0,18.8,0.1,0.07,-0.11,317000,2800,3.0,35000,400000,6.2,False
Hounslow,2023-03,2023-03-01,2023,3,1,spring,1.0,6.123233995736766e-17,2770,9.69,,,,3157.0,3258.8,24.1,0.13,0.09,0.05,286000,4500,3.8,34500,435000,8.5,False
Hounslow,2023-04,2023-04-01,2023,4,2,spring,0.8660254037844387,-0.4999999999999998,2593,9.07,2770.0,,,2958.0,3154.6,24.1,0.13,0.09,0.05,286000,4500,3.8,34500,435000,8.5,False
Hounslow,2023-05,2023-05-01,2023,5,2,spring,0.4999999999999999,-0.8660254037844387,3092,10.81,2593.0,,,2681.5,2992.4,24.1,0.13,0.09,0.05,286000,4500,3.8,34500,435000,8.5,False
Hounslow,2023-06,2023-06-01,2023,6,2,summer,1.2246467991473532e-16,-1.0,3175,11.1,3092.0,2770.0,,2818.3333333333335,2953.8,24.1,0.13,0.09,0.05,286000,4500,3.8,34500,435000,8.5,False
Hounslow,2023-07,2023-07-01,2023,7,3,summer,-0.4999999999999998,-0.8660254037844388,3210,11.22,3175.0,2593.0,,2953.3333333333335,2955.2,24.1,0.13,0.09,0.05,286000,4500,3.8,34500,435000,8.5,False
Hounslow,2023-08,2023-08-01,2023,8,3,summer,-0.8660254037844384,-0.5000000000000004,3131,10.95,3210.0,3092.0,,3159.0,2968.0,24.1,0.13,0.09,0.05,286000,4500,3.8,34500,435000,8.5,False
Hounslow,2023-09,2023-09-01,2023,9,3,autumn,-1.0,-1.8369701987210294e-16,3275,11.45,3131.0,3175.0,,3172.0,2995.1666666666665,24.1,0.13,0.09,0.05,286000,4500,3.8,34500,435000,8.5,False
Hounslow,2023-10,2023-10-01,2023,10,4,autumn,-0.8660254037844386,0.5000000000000001,3012,10.53,3275.0,3210.0,,3205.3333333333335,3079.3333333333335,24.1,0.13,0.09,0.05,286000,4500,3.8,34500,435000,8.5,False
Hounslow,2023-11,2023-11-01,2023,11,4,autumn,-0.5000000000000004,0.8660254037844384,3013,10.53,3012.0,3131.0,,3139.3333333333335,3149.1666666666665,24.1,0.13,0.09,0.05,286000,4500,3.8,34500,435000,8.5,False
Hounslow,2023-12,2023-12-01,2023,12,4,winter,-2.4492935982947064e-16,1.0,2875,10.05,3013.0,3275.0,,3100.0,3136.0,24.1,0.13,0.09,0.05,286000,4500,3.8,34500,435000,8.5,False
Hounslow,2024-01,2024-01-01,2024,1,1,winter,0.4999999999999999,0.8660254037844387,2744,9.59,2875.0,3012.0,,2966.6666666666665,3086.0,24.1,0.13,0.09,0.05,286000,4500,3.8,34500,435000,8.5,False
Hounslow,2024-02,2024-02-01,2024,2,1,winter,0.8660254037844386,0.5000000000000001,2867,10.02,2744.0,3013.0,,2877.3333333333335,3008.3333333333335,24.1,0.13,0.09,0.05,286000,4500,3.8,34500,435000,8.5,False
Hounslow,2024-03,2024-03-01,2024,3,1,spring,1.0,6.123233995736766e-17,2735,9.56,2867.0,2875.0,2770.0,2828.6666666666665,2964.3333333333335,24.1,0.13,0.09,0.05,286000,4500,3.8,34500,435000,8.5,False
Hounslow,2024-04,2024-04-01,2024,4,2,spring,0.8660254037844387,-0.4999999999999998,2785,9.74,2735.0,2744.0,2593.0,2782.0,2874.3333333333335,24.1,0.13,0.09,0.05,286000,4500,3.8,34500,435000,8.5,False
Hounslow,2024-05,2024-05-01,2024,5,2,spring,0.4999999999999999,-0.8660254037844387,2789,9.75,2785.0,2867.0,3092.0,2795.6666666666665,2836.5,24.1,0.13,0.09,0.05,286000,4500,3.8,34500,435000,8.5,False
Hounslow,2024-06,2024-06-01,2024,6,2,summer,1.2246467991473532e-16,-1.0,2850,9.97,2789.0,2735.0,3175.0,2769.6666666666665,2799.1666666666665,24.1,0.13,0.09,0.05,286000,4500,3.8,34500,435000,8.5,False
Hounslow,2024-07,2024-07-01,2024,7,3,summer,-0.4999999999999998,-0.8660254037844388,3222,11.27,2850.0,2785.0,3210.0,2808.0,2795.0,24.1,0.13,0.09,0.05,286000,4500,3.8,34500,435000,8.5,False
Hounslow,2024-08,2024-08-01,2024,8,3,summer,-0.8660254037844384,-0.5000000000000004,2904,10.15,3222.0,2789.0,3131.0,2953.6666666666665,2874.6666666666665,24.1,0.13,0.09,0.05,286000,4500,3.8,34500,435000,8.5,False
Hounslow,2024-09,2024-09-01,2024,9,3,autumn,-1.0,-1.8369701987210294e-16,2819,9.86,2904.0,2850.0,3275.0,2992.0,2880.8333333333335,24.1,0.13,0.09,0.05,286000,4500,3.8,34500,435000,8.5,False
Hounslow,2024-10,2024-10-01,2024,10,4,autumn,-0.8660254037844386,0.5000000000000001,2938,10.27,2819.0,3222.0,3012.0,2981.6666666666665,2894.8333333333335,24.1,0.13,0.09,0.05,286000,4500,3.8,34500,435000,8.5,False
Hounslow,2024-11,2024-11-01,2024,11,4,autumn,-0.5000000000000004,0.8660254037844384,2926,10.23,2938.0,2904.0,3013.0,2887.0,2920.3333333333335,24.1,0.13,0.09,0.05,286000,4500,3.8,34500,435000,8.5,False
Hounslow,2024-12,2024-12-01,2024,12,4,winter,-2.4492935982947064e-16,1.0,2730,9.55,2926.0,2819.0,2875.0,2894.3333333333335,2943.1666666666665,24.1,0.13,0.09,0.05,286000,4500,3.8,34500,435000,8.5,False
Hounslow,2025-01,2025-01-01,2025,1,1,winter,0.4999999999999999,0.8660254037844387,2515,8.79,2730.0,2938.0,2744.0,2864.6666666666665,2923.1666666666665,24.1,0.13,0.09,0.05,286000,4500,3.8,34500,435000,8.5,False
Hounslow,2025-02,2025-02-01,2025,2,1,winter,0.8660254037844386,0.5000000000000001,2483,8.68,2515.0,2926.0,2867.0,2723.6666666666665,2805.3333333333335,24.1,0.13,0.09,0.05,286000,4500,3.8,34500,435000,8.5,False
Hounslow,2025-03,2025-03-01,2025,3,1,spring,1.0,6.123233995736766e-17,2661,9.3,2483.0,2730.0,2735.0,2576.0,2735.1666666666665,24.1,0.13,0.09,0.05,286000,4500,3.8,34500,435000,8.5,False
Hounslow,2025-04,2025-04-01,2025,4,2,spring,0.8660254037844387,-0.4999999999999998,2703,9.45,2661.0,2515.0,2785.0,2553.0,2708.8333333333335,24.1,0.13,0.09,0.05,286000,4500,3.8,34500,435000,8.5,False
Hounslow,2025-05,2025-05-01,2025,5,2,spring,0.4999999999999999,-0.8660254037844387,3079,10.77,2703.0,2483.0,2789.0,2615.6666666666665,2669.6666666666665,24.1,0.13,0.09,0.05,286000,4500,3.8,34500,435000,8.5,False
Hounslow,2025-06,2025-06-01,2025,6,2,summer,1.2246467991473532e-16,-1.0,3289,11.5,3079.0,2661.0,2850.0,2814.3333333333335,2695.1666666666665,24.1,0.13,0.09,0.05,286000,4500,3.8,34500,435000,8.5,False
Hounslow,2025-07,2025-07-01,2025,7,3,summer,-0.4999999999999998,-0.8660254037844388,3280,11.47,3289.0,2703.0,3222.0,3023.6666666666665,2788.3333333333335,24.1,0.13,0.09,0.05,286000,4500,3.8,34500,435000,8.5,False
Hounslow,2025-08,2025-08-01,2025,8,3,summer,-0.8660254037844384,-0.5000000000000004,3109,10.87,3280.0,3079.0,2904.0,3216.0,2915.8333333333335,24.1,0.13,0.09,0.05,286000,4500,3.8,34500,435000,8.5,False
Hounslow,2025-09,2025-09-01,2025,9,3,autumn,-1.0,-1.8369701987210294e-16,2901,10.14,3109.0,3289.0,2819.0,3226.0,3020.1666666666665,24.1,0.13,0.09,0.05,286000,4500,3.8,34500,435000,8.5,False
Hounslow,2025-10,2025-10-01,2025,10,4,autumn,-0.8660254037844386,0.5000000000000001,3121,10.91,2901.0,3280.0,2938.0,3096.6666666666665,3060.1666666666665,24.1,0.13,0.09,0.05,286000,4500,3.8,34500,435000,8.5,False
Hounslow,2025-11,2025-11-01,2025,11,4,autumn,-0.5000000000000004,0.8660254037844384,2826,9.88,3121.0,3109.0,2926.0,3043.6666666666665,3129.8333333333335,24.1,0.13,0.09,0.05,286000,4500,3.8,34500,435000,8.5,False
Hounslow,2025-12,2025-12-01,2025,12,4,winter,-2.4492935982947064e-16,1.0,2618,9.15,2826.0,2901.0,2730.0,2949.3333333333335,3087.6666666666665,24.1,0.13,0.09,0.05,286000,4500,3.8,34500,435000,8.5,False
Hounslow,2026-01,2026-01-01,2026,1,1,winter,0.4999999999999999,0.8660254037844387,2706,9.46,2618.0,3121.0,2515.0,2855.0,2975.8333333333335,24.1,0.13,0.09,0.05,286000,4500,3.8,34500,435000,8.5,False
Hounslow,2026-02,2026-02-01,2026,2,1,winter,0.8660254037844386,0.5000000000000001,2491,8.71,2706.0,2826.0,2483.0,2716.6666666666665,2880.1666666666665,24.1,0.13,0.09,0.05,286000,4500,3.8,34500,435000,8.5,False
Islington,2023-03,2023-03-01,2023,3,1,spring,1.0,6.123233995736766e-17,2928,11.95,,,,2662.0,2834.4,34.6,0.19,0.12,0.81,245000,14200,4.8,40000,680000,7.2,False
Islington,2023-04,2023-04-01,2023,4,2,spring,0.8660254037844387,-0.4999999999999998,2975,12.14,2928.0,,,2817.0,2839.8,34.6,0.19,0.12,0.81,245000,14200,4.8,40000,680000,7.2,False
Islington,2023-05,2023-05-01,2023,5,2,spring,0.4999999999999999,-0.8660254037844387,3132,12.78,2975.0,,,2951.5,2810.6,34.6,0.19,0.12,0.81,245000,14200,4.8,40000,680000,7.2,False
Islington,2023-06,2023-06-01,2023,6,2,summer,1.2246467991473532e-16,-1.0,3140,12.82,3132.0,2928.0,,3011.6666666666665,2871.8,34.6,0.19,0.12,0.81,245000,14200,4.8,40000,680000,7.2,False
Islington,2023-07,2023-07-01,2023,7,3,summer,-0.4999999999999998,-0.8660254037844388,3232,13.19,3140.0,2975.0,,3082.3333333333335,2976.2,34.6,0.19,0.12,0.81,245000,14200,4.8,40000,680000,7.2,False
Islington,2023-08,2023-08-01,2023,8,3,summer,-0.8660254037844384,-0.5000000000000004,3058,12.48,3232.0,3132.0,,3168.0,3081.4,34.6,0.19,0.12,0.81,245000,14200,4.8,40000,680000,7.2,False
Islington,2023-09,2023-09-01,2023,9,3,autumn,-1.0,-1.8369701987210294e-16,3078,12.56,3058.0,3140.0,,3143.3333333333335,3077.5,34.6,0.19,0.12,0.81,245000,14200,4.8,40000,680000,7.2,False
Islington,2023-10,2023-10-01,2023,10,4,autumn,-0.8660254037844386,0.5000000000000001,3328,13.58,3078.0,3232.0,,3122.6666666666665,3102.5,34.6,0.19,0.12,0.81,245000,14200,4.8,40000,680000,7.2,False
Islington,2023-11,2023-11-01,2023,11,4,autumn,-0.5000000000000004,0.8660254037844384,3014,12.3,3328.0,3058.0,,3154.6666666666665,3161.3333333333335,34.6,0.19,0.12,0.81,245000,14200,4.8,40000,680000,7.2,False
Islington,2023-12,2023-12-01,2023,12,4,winter,-2.4492935982947064e-16,1.0,2797,11.42,3014.0,3078.0,,3140.0,3141.6666666666665,34.6,0.19,0.12,0.81,245000,14200,4.8,40000,680000,7.2,False
Islington,2024-01,2024-01-01,2024,1,1,winter,0.4999999999999999,0.8660254037844387,2935,11.98,2797.0,3328.0,,3046.3333333333335,3084.5,34.6,0.19,0.12,0.81,245000,14200,4.8,40000,680000,7.2,False
Islington,2024-02,2024-02-01,2024,2,1,winter,0.8660254037844386,0.5000000000000001,2945,12.02,2935.0,3014.0,,2915.3333333333335,3035.0,34.6,0.19,0.12,0.81,245000,14200,4.8,40000,680000,7.2,False
Islington,2024-03,2024-03-01,2024,3,1,spring,1.0,6.123233995736766e-17,2900,11.84,2945.0,2797.0,2928.0,2892.3333333333335,3016.1666666666665,34.6,0.19,0.12,0.81,245000,14200,4.8,40000,680000,7.2,False
Islington,2024-04,2024-04-01,2024,4,2,spring,0.8660254037844387,-0.4999999999999998,3221,13.15,2900.0,2935.0,2975.0,2926.6666666666665,2986.5,34.6,0.19,0.12,0.81,245000,14200,4.8,40000,680000,7.2,False
Islington,2024-05,2024-05-01,2024,5,2,spring,0.4999999999999999,-0.8660254037844387,3463,14.13,3221.0,2945.0,3132.0,3022.0,2968.6666666666665,34.6,0.19,0.12,0.81,245000,14200,4.8,40000,680000,7.2,False
Islington,2024-06,2024-06-01,2024,6,2,summer,1.2246467991473532e-16,-1.0,3443,14.05,3463.0,2900.0,3140.0,3194.6666666666665,3043.5,34.6,0.19,0.12,0.81,245000,14200,4.8,40000,680000,7.2,False
Islington,2024-07,2024-07-01,2024,7,3,summer,-0.4999999999999998,-0.8660254037844388,3539,14.44,3443.0,3221.0,3232.0,3375.6666666666665,3151.1666666666665,34.6,0.19,0.12,0.81,245000,14200,4.8,40000,680000,7.2,False
Islington,2024-08,2024-08-01,2024,8,3,summer,-0.8660254037844384,-0.5000000000000004,3483,14.22,3539.0,3463.0,3058.0,3481.6666666666665,3251.8333333333335,34.6,0.19,0.12,0.81,245000,14200,4.8,40000,680000,7.2,False
Islington,2024-09,2024-09-01,2024,9,3,autumn,-1.0,-1.8369701987210294e-16,3565,14.55,3483.0,3443.0,3078.0,3488.3333333333335,3341.5,34.6,0.19,0.12,0.81,245000,14200,4.8,40000,680000,7.2,False
Islington,2024-10,2024-10-01,2024,10,4,autumn,-0.8660254037844386,0.5000000000000001,3586,14.64,3565.0,3539.0,3328.0,3529.0,3452.3333333333335,34.6,0.19,0.12,0.81,245000,14200,4.8,40000,680000,7.2,False
Islington,2024-11,2024-11-01,2024,11,4,autumn,-0.5000000000000004,0.8660254037844384,3391,13.84,3586.0,3483.0,3014.0,3544.6666666666665,3513.1666666666665,34.6,0.19,0.12,0.81,245000,14200,4.8,40000,680000,7.2,False
Islington,2024-12,2024-12-01,2024,12,4,winter,-2.4492935982947064e-16,1.0,3177,12.97,3391.0,3565.0,2797.0,3514.0,3501.1666666666665,34.6,0.19,0.12,0.81,245000,14200,4.8,40000,680000,7.2,False
Islington,2025-01,2025-01-01,2025,1,1,winter,0.4999999999999999,0.8660254037844387,3306,13.49,3177.0,3586.0,2935.0,3384.6666666666665,3456.8333333333335,34.6,0.19,0.12,0.81,245000,14200,4.8,40000,680000,7.2,False
Islington,2025-02,2025-02-01,2025,2,1,winter,0.8660254037844386,0.5000000000000001,2942,12.01,3306.0,3391.0,2945.0,3291.3333333333335,3418.0,34.6,0.19,0.12,0.81,245000,14200,4.8,40000,680000,7.2,False
Islington,2025-03,2025-03-01,2025,3,1,spring,1.0,6.123233995736766e-17,3466,14.15,2942.0,3177.0,2900.0,3141.6666666666665,3327.8333333333335,34.6,0.19,0.12,0.81,245000,14200,4.8,40000,680000,7.2,False
Islington,2025-04,2025-04-01,2025,4,2,spring,0.8660254037844387,-0.4999999999999998,3422,13.97,3466.0,3306.0,3221.0,3238.0,3311.3333333333335,34.6,0.19,0.12,0.81,245000,14200,4.8,40000,680000,7.2,False
Islington,2025-05,2025-05-01,2025,5,2,spring,0.4999999999999999,-0.8660254037844387,3652,14.91,3422.0,2942.0,3463.0,3276.6666666666665,3284.0,34.6,0.19,0.12,0.81,245000,14200,4.8,40000,680000,7.2,False
Islington,2025-06,2025-06-01,2025,6,2,summer,1.2246467991473532e-16,-1.0,3513,14.34,3652.0,3466.0,3443.0,3513.3333333333335,3327.5,34.6,0.19,0.12,0.81,245000,14200,4.8,40000,680000,7.2,False
Islington,2025-07,2025-07-01,2025,7,3,summer,-0.4999999999999998,-0.8660254037844388,3614,14.75,3513.0,3422.0,3539.0,3529.0,3383.5,34.6,0.19,0.12,0.81,245000,14200,4.8,40000,680000,7.2,False
Islington,2025-08,2025-08-01,2025,8,3,summer,-0.8660254037844384,-0.5000000000000004,3316,13.53,3614.0,3652.0,3483.0,3593.0,3434.8333333333335,34.6,0.19,0.12,0.81,245000,14200,4.8,40000,680000,7.2,False
Islington,2025-09,2025-09-01,2025,9,3,autumn,-1.0,-1.8369701987210294e-16,3318,13.54,3316.0,3513.0,3565.0,3481.0,3497.1666666666665,34.6,0.19,0.12,0.81,245000,14200,4.8,40000,680000,7.2,False
Islington,2025-10,2025-10-01,2025,10,4,autumn,-0.8660254037844386,0.5000000000000001,3297,13.46,3318.0,3614.0,3586.0,3416.0,3472.5,34.6,0.19,0.12,0.81,245000,14200,4.8,40000,680000,7.2,False
Islington,2025-11,2025-11-01,2025,11,4,autumn,-0.5000000000000004,0.8660254037844384,3238,13.22,3297.0,3316.0,3391.0,3310.3333333333335,3451.6666666666665,34.6,0.19,0.12,0.81,245000,14200,4.8,40000,680000,7.2,False
Islington,2025-12,2025-12-01,2025,12,4,winter,-2.4492935982947064e-16,1.0,2972,12.13,3238.0,3318.0,3177.0,3284.3333333333335,3382.6666666666665,34.6,0.19,0.12,0.81,245000,14200,4.8,40000,680000,7.2,False
Islington,2026-01,2026-01-01,2026,1,1,winter,0.4999999999999999,0.8660254037844387,2971,12.13,2972.0,3297.0,3306.0,3169.0,3292.5,34.6,0.19,0.12,0.81,245000,14200,4.8,40000,680000,7.2,False
Islington,2026-02,2026-02-01,2026,2,1,winter,0.8660254037844386,0.5000000000000001,2990,12.2,2971.0,3238.0,2942.0,3060.3333333333335,3185.3333333333335,34.6,0.19,0.12,0.81,245000,14200,4.8,40000,680000,7.2,False
Kensington and Chelsea,2023-03,2023-03-01,2023,3,1,spring,1.0,6.123233995736766e-17,2155,13.64,,,,2971.5,3159.2,22.4,0.11,0.08,0.79,158000,8900,2.9,55000,1250000,5.1,False
Kensington and Chelsea,2023-04,2023-04-01,2023,4,2,spring,0.8660254037844387,-0.4999999999999998,2121,13.42,2155.0,,,2563.0,2926.6,22.4,0.11,0.08,0.79,158000,8900,2.9,55000,1250000,5.1,False
Kensington and Chelsea,2023-05,2023-05-01,2023,5,2,spring,0.4999999999999999,-0.8660254037844387,2393,15.15,2121.0,,,2138.0,2691.4,22.4,0.11,0.08,0.79,158000,8900,2.9,55000,1250000,5.1,False
Kensington and Chelsea,2023-06,2023-06-01,2023,6,2,summer,1.2246467991473532e-16,-1.0,2552,16.15,2393.0,2155.0,,2223.0,2522.4,22.4,0.11,0.08,0.79,158000,8900,2.9,55000,1250000,5.1,False
Kensington and Chelsea,2023-07,2023-07-01,2023,7,3,summer,-0.4999999999999998,-0.8660254037844388,2340,14.81,2552.0,2121.0,,2355.3333333333335,2438.4,22.4,0.11,0.08,0.79,158000,8900,2.9,55000,1250000,5.1,False
Kensington and Chelsea,2023-08,2023-08-01,2023,8,3,summer,-0.8660254037844384,-0.5000000000000004,2892,18.3,2340.0,2393.0,,2428.3333333333335,2312.2,22.4,0.11,0.08,0.79,158000,8900,2.9,55000,1250000,5.1,False
Kensington and Chelsea,2023-09,2023-09-01,2023,9,3,autumn,-1.0,-1.8369701987210294e-16,2298,14.54,2892.0,2552.0,,2594.6666666666665,2408.8333333333335,22.4,0.11,0.08,0.79,158000,8900,2.9,55000,1250000,5.1,False
Kensington and Chelsea,2023-10,2023-10-01,2023,10,4,autumn,-0.8660254037844386,0.5000000000000001,2473,15.65,2298.0,2340.0,,2510.0,2432.6666666666665,22.4,0.11,0.08,0.79,158000,8900,2.9,55000,1250000,5.1,False
Kensington and Chelsea,2023-11,2023-11-01,2023,11,4,autumn,-0.5000000000000004,0.8660254037844384,2470,15.63,2473.0,2892.0,,2554.3333333333335,2491.3333333333335,22.4,0.11,0.08,0.79,158000,8900,2.9,55000,1250000,5.1,False
Kensington and Chelsea,2023-12,2023-12-01,2023,12,4,winter,-2.4492935982947064e-16,1.0,2251,14.25,2470.0,2298.0,,2413.6666666666665,2504.1666666666665,22.4,0.11,0.08,0.79,158000,8900,2.9,55000,1250000,5.1,False
Kensington and Chelsea,2024-01,2024-01-01,2024,1,1,winter,0.4999999999999999,0.8660254037844387,2255,14.27,2251.0,2473.0,,2398.0,2454.0,22.4,0.11,0.08,0.79,158000,8900,2.9,55000,1250000,5.1,False
Kensington and Chelsea,2024-02,2024-02-01,2024,2,1,winter,0.8660254037844386,0.5000000000000001,2344,14.84,2255.0,2470.0,,2325.3333333333335,2439.8333333333335,22.4,0.11,0.08,0.79,158000,8900,2.9,55000,1250000,5.1,False
Kensington and Chelsea,2024-03,2024-03-01,2024,3,1,spring,1.0,6.123233995736766e-17,2245,14.21,2344.0,2251.0,2155.0,2283.3333333333335,2348.5,22.4,0.11,0.08,0.79,158000,8900,2.9,55000,1250000,5.1,False
Kensington and Chelsea,2024-04,2024-04-01,2024,4,2,spring,0.8660254037844387,-0.4999999999999998,2309,14.61,2245.0,2255.0,2121.0,2281.3333333333335,2339.6666666666665,22.4,0.11,0.08,0.79,158000,8900,2.9,55000,1250000,5.1,False
Kensington and Chelsea,2024-05,2024-05-01,2024,5,2,spring,0.4999999999999999,-0.8660254037844387,2315,14.65,2309.0,2344.0,2393.0,2299.3333333333335,2312.3333333333335,22.4,0.11,0.08,0.79,158000,8900,2.9,55000,1250000,5.1,False
Kensington and Chelsea,2024-06,2024-06-01,2024,6,2,summer,1.2246467991473532e-16,-1.0,2333,14.77,2315.0,2245.0,2552.0,2289.6666666666665,2286.5,22.4,0.11,0.08,0.79,158000,8900,2.9,55000,1250000,5.1,False
Kensington and Chelsea,2024-07,2024-07-01,2024,7,3,summer,-0.4999999999999998,-0.8660254037844388,2210,13.99,2333.0,2309.0,2340.0,2319.0,2300.1666666666665,22.4,0.11,0.08,0.79,158000,8900,2.9,55000,1250000,5.1,False
Kensington and Chelsea,2024-08,2024-08-01,2024,8,3,summer,-0.8660254037844384,-0.5000000000000004,2929,18.54,2210.0,2315.0,2892.0,2286.0,2292.6666666666665,22.4,0.11,0.08,0.79,158000,8900,2.9,55000,1250000,5.1,False
Kensington and Chelsea,2024-09,2024-09-01,2024,9,3,autumn,-1.0,-1.8369701987210294e-16,2285,14.46,2929.0,2333.0,2298.0,2490.6666666666665,2390.1666666666665,22.4,0.11,0.08,0.79,158000,8900,2.9,55000,1250000,5.1,False
Kensington and Chelsea,2024-10,2024-10-01,2024,10,4,autumn,-0.8660254037844386,0.5000000000000001,2513,15.91,2285.0,2210.0,2473.0,2474.6666666666665,2396.8333333333335,22.4,0.11,0.08,0.79,158000,8900,2.9,55000,1250000,5.1,False
Kensington and Chelsea,2024-11,2024-11-01,2024,11,4,autumn,-0.5000000000000004,0.8660254037844384,2420,15.32,2513.0,2929.0,2470.0,2575.6666666666665,2430.8333333333335,22.4,0.11,0.08,0.79,158000,8900,2.9,55000,1250000,5.1,False
Kensington and Chelsea,2024-12,2024-12-01,2024,12,4,winter,-2.4492935982947064e-16,1.0,2289,14.49,2420.0,2285.0,2251.0,2406.0,2448.3333333333335,22.4,0.11,0.08,0.79,158000,8900,2.9,55000,1250000,5.1,False
Kensington and Chelsea,2025-01,2025-01-01,2025,1,1,winter,0.4999999999999999,0.8660254037844387,2124,13.44,2289.0,2513.0,2255.0,2407.3333333333335,2441.0,22.4,0.11,0.08,0.79,158000,8900,2.9,55000,1250000,5.1,False
Kensington and Chelsea,2025-02,2025-02-01,2025,2,1,winter,0.8660254037844386,0.5000000000000001,2129,13.47,2124.0,2420.0,2344.0,2277.6666666666665,2426.6666666666665,22.4,0.11,0.08,0.79,158000,8900,2.9,55000,1250000,5.1,False
Kensington and Chelsea,2025-03,2025-03-01,2025,3,1,spring,1.0,6.123233995736766e-17,2240,14.18,2129.0,2289.0,2245.0,2180.6666666666665,2293.3333333333335,22.4,0.11,0.08,0.79,158000,8900,2.9,55000,1250000,5.1,False
Kensington and Chelsea,2025-04,2025-04-01,2025,4,2,spring,0.8660254037844387,-0.4999999999999998,2241,14.18,2240.0,2124.0,2309.0,2164.3333333333335,2285.8333333333335,22.4,0.11,0.08,0.79,158000,8900,2.9,55000,1250000,5.1,False
Kensington and Chelsea,2025-05,2025-05-01,2025,5,2,spring,0.4999999999999999,-0.8660254037844387,2389,15.12,2241.0,2129.0,2315.0,2203.3333333333335,2240.5,22.4,0.11,0.08,0.79,158000,8900,2.9,55000,1250000,5.1,False
Kensington and Chelsea,2025-06,2025-06-01,2025,6,2,summer,1.2246467991473532e-16,-1.0,2476,15.67,2389.0,2240.0,2333.0,2290.0,2235.3333333333335,22.4,0.11,0.08,0.79,158000,8900,2.9,55000,1250000,5.1,False
Kensington and Chelsea,2025-07,2025-07-01,2025,7,3,summer,-0.4999999999999998,-0.8660254037844388,2454,15.53,2476.0,2241.0,2210.0,2368.6666666666665,2266.5,22.4,0.11,0.08,0.79,158000,8900,2.9,55000,1250000,5.1,False
Kensington and Chelsea,2025-08,2025-08-01,2025,8,3,summer,-0.8660254037844384,-0.5000000000000004,3250,20.57,2454.0,2389.0,2929.0,2439.6666666666665,2321.5,22.4,0.11,0.08,0.79,158000,8900,2.9,55000,1250000,5.1,False
Kensington and Chelsea,2025-09,2025-09-01,2025,9,3,autumn,-1.0,-1.8369701987210294e-16,2157,13.65,3250.0,2476.0,2285.0,2726.6666666666665,2508.3333333333335,22.4,0.11,0.08,0.79,158000,8900,2.9,55000,1250000,5.1,False
Kensington and Chelsea,2025-10,2025-10-01,2025,10,4,autumn,-0.8660254037844386,0.5000000000000001,2351,14.88,2157.0,2454.0,2513.0,2620.3333333333335,2494.5,22.4,0.11,0.08,0.79,158000,8900,2.9,55000,1250000,5.1,False
Kensington and Chelsea,2025-11,2025-11-01,2025,11,4,autumn,-0.5000000000000004,0.8660254037844384,2167,13.72,2351.0,3250.0,2420.0,2586.0,2512.8333333333335,22.4,0.11,0.08,0.79,158000,8900,2.9,55000,1250000,5.1,False
Kensington and Chelsea,2025-12,2025-12-01,2025,12,4,winter,-2.4492935982947064e-16,1.0,2145,13.58,2167.0,2157.0,2289.0,2225.0,2475.8333333333335,22.4,0.11,0.08,0.79,158000,8900,2.9,55000,1250000,5.1,False
Kensington and Chelsea,2026-01,2026-01-01,2026,1,1,winter,0.4999999999999999,0.8660254037844387,2037,12.89,2145.0,2351.0,2124.0,2221.0,2420.6666666666665,22.4,0.11,0.08,0.79,158000,8900,2.9,55000,1250000,5.1,False
Kensington and Chelsea,2026-02,2026-02-01,2026,2,1,winter,0.8660254037844386,0.5000000000000001,1825,11.55,2037.0,2167.0,2129.0,2116.3333333333335,2351.1666666666665,22.4,0.11,0.08,0.79,158000,8900,2.9,55000,1250000,5.1,False
Kingston upon Thames,2023-03,2023-03-01,2023,3,1,spring,1.0,6.123233995736766e-17,1272,7.07,,,,2091.0,2171.4,12.5,0.06,0.04,-0.44,180000,4200,2.1,38000,520000,3.2,False
Kingston upon Thames,2023-04,2023-04-01,2023,4,2,spring,0.8660254037844387,-0.4999999999999998,1219,6.77,1272.0,,,1654.5,1994.4,12.5,0.06,0.04,-0.44,180000,4200,2.1,38000,520000,3.2,False
Kingston upon Thames,2023-05,2023-05-01,2023,5,2,spring,0.4999999999999999,-0.8660254037844387,1311,7.28,1219.0,,,1245.5,1768.0,12.5,0.06,0.04,-0.44,180000,4200,2.1,38000,520000,3.2,False
Kingston upon Thames,2023-06,2023-06-01,2023,6,2,summer,1.2246467991473532e-16,-1.0,1369,7.61,1311.0,1272.0,,1267.3333333333333,1596.8,12.5,0.06,0.04,-0.44,180000,4200,2.1,38000,520000,3.2,False
Kingston upon Thames,2023-07,2023-07-01,2023,7,3,summer,-0.4999999999999998,-0.8660254037844388,1356,7.53,1369.0,1219.0,,1299.6666666666667,1441.6,12.5,0.06,0.04,-0.44,180000,4200,2.1,38000,520000,3.2,False
Kingston upon Thames,2023-08,2023-08-01,2023,8,3,summer,-0.8660254037844384,-0.5000000000000004,1264,7.02,1356.0,1311.0,,1345.3333333333333,1305.4,12.5,0.06,0.04,-0.44,180000,4200,2.1,38000,520000,3.2,False
Kingston upon Thames,2023-09,2023-09-01,2023,9,3,autumn,-1.0,-1.8369701987210294e-16,1254,6.97,1264.0,1369.0,,1329.6666666666667,1298.5,12.5,0.06,0.04,-0.44,180000,4200,2.1,38000,520000,3.2,False
Kingston upon Thames,2023-10,2023-10-01,2023,10,4,autumn,-0.8660254037844386,0.5000000000000001,1302,7.23,1254.0,1356.0,,1291.3333333333333,1295.5,12.5,0.06,0.04,-0.44,180000,4200,2.1,38000,520000,3.2,False
Kingston upon Thames,2023-11,2023-11-01,2023,11,4,autumn,-0.5000000000000004,0.8660254037844384,1312,7.29,1302.0,1264.0,,1273.3333333333333,1309.3333333333333,12.5,0.06,0.04,-0.44,180000,4200,2.1,38000,520000,3.2,False
Kingston upon Thames,2023-12,2023-12-01,2023,12,4,winter,-2.4492935982947064e-16,1.0,1148,6.38,1312.0,1254.0,,1289.3333333333333,1309.5,12.5,0.06,0.04,-0.44,180000,4200,2.1,38000,520000,3.2,False
Kingston upon Thames,2024-01,2024-01-01,2024,1,1,winter,0.4999999999999999,0.8660254037844387,1220,6.78,1148.0,1302.0,,1254.0,1272.6666666666667,12.5,0.06,0.04,-0.44,180000,4200,2.1,38000,520000,3.2,False
Kingston upon Thames,2024-02,2024-02-01,2024,2,1,winter,0.8660254037844386,0.5000000000000001,1182,6.57,1220.0,1312.0,,1226.6666666666667,1250.0,12.5,0.06,0.04,-0.44,180000,4200,2.1,38000,520000,3.2,False
Kingston upon Thames,2024-03,2024-03-01,2024,3,1,spring,1.0,6.123233995736766e-17,1112,6.18,1182.0,1148.0,1272.0,1183.3333333333333,1236.3333333333333,12.5,0.06,0.04,-0.44,180000,4200,2.1,38000,520000,3.2,False
Kingston upon Thames,2024-04,2024-04-01,2024,4,2,spring,0.8660254037844387,-0.4999999999999998,1147,6.37,1112.0,1220.0,1219.0,1171.3333333333333,1212.6666666666667,12.5,0.06,0.04,-0.44,180000,4200,2.1,38000,520000,3.2,False
Kingston upon Thames,2024-05,2024-05-01,2024,5,2,spring,0.4999999999999999,-0.8660254037844387,1210,6.72,1147.0,1182.0,1311.0,1147.0,1186.8333333333333,12.5,0.06,0.04,-0.44,180000,4200,2.1,38000,520000,3.2,False
Kingston upon Thames,2024-06,2024-06-01,2024,6,2,summer,1.2246467991473532e-16,-1.0,1292,7.18,1210.0,1112.0,1369.0,1156.3333333333333,1169.8333333333333,12.5,0.06,0.04,-0.44,180000,4200,2.1,38000,520000,3.2,False
Kingston upon Thames,2024-07,2024-07-01,2024,7,3,summer,-0.4999999999999998,-0.8660254037844388,1376,7.64,1292.0,1147.0,1356.0,1216.3333333333333,1193.8333333333333,12.5,0.06,0.04,-0.44,180000,4200,2.1,38000,520000,3.2,False
Kingston upon Thames,2024-08,2024-08-01,2024,8,3,summer,-0.8660254037844384,-0.5000000000000004,1286,7.14,1376.0,1210.0,1264.0,1292.6666666666667,1219.8333333333333,12.5,0.06,0.04,-0.44,180000,4200,2.1,38000,520000,3.2,False
Kingston upon Thames,2024-09,2024-09-01,2024,9,3,autumn,-1.0,-1.8369701987210294e-16,1176,6.53,1286.0,1292.0,1254.0,1318.0,1237.1666666666667,12.5,0.06,0.04,-0.44,180000,4200,2.1,38000,520000,3.2,False
Kingston upon Thames,2024-10,2024-10-01,2024,10,4,autumn,-0.8660254037844386,0.5000000000000001,1190,6.61,1176.0,1376.0,1302.0,1279.3333333333333,1247.8333333333333,12.5,0.06,0.04,-0.44,180000,4200,2.1,38000,520000,3.2,False
Kingston upon Thames,2024-11,2024-11-01,2024,11,4,autumn,-0.5000000000000004,0.8660254037844384,1209,6.72,1190.0,1286.0,1312.0,1217.3333333333333,1255.0,12.5,0.06,0.04,-0.44,180000,4200,2.1,38000,520000,3.2,False
Kingston upon Thames,2024-12,2024-12-01,2024,12,4,winter,-2.4492935982947064e-16,1.0,1104,6.13,1209.0,1176.0,1148.0,1191.6666666666667,1254.8333333333333,12.5,0.06,0.04,-0.44,180000,4200,2.1,38000,520000,3.2,False
Kingston upon Thames,2025-01,2025-01-01,2025,1,1,winter,0.4999999999999999,0.8660254037844387,1177,6.54,1104.0,1190.0,1220.0,1167.6666666666667,1223.5,12.5,0.06,0.04,-0.44,180000,4200,2.1,38000,520000,3.2,False
Kingston upon Thames,2025-02,2025-02-01,2025,2,1,winter,0.8660254037844386,0.5000000000000001,1152,6.4,1177.0,1209.0,1182.0,1163.3333333333333,1190.3333333333333,12.5,0.06,0.04,-0.44,180000,4200,2.1,38000,520000,3.2,False
Kingston upon Thames,2025-03,2025-03-01,2025,3,1,spring,1.0,6.123233995736766e-17,1275,7.08,1152.0,1104.0,1112.0,1144.3333333333333,1168.0,12.5,0.06,0.04,-0.44,180000,4200,2.1,38000,520000,3.2,False
Kingston upon Thames,2025-04,2025-04-01,2025,4,2,spring,0.8660254037844387,-0.4999999999999998,1165,6.47,1275.0,1177.0,1147.0,1201.3333333333333,1184.5,12.5,0.06,0.04,-0.44,180000,4200,2.1,38000,520000,3.2,False
Kingston upon Thames,2025-05,2025-05-01,2025,5,2,spring,0.4999999999999999,-0.8660254037844387,1343,7.46,1165.0,1152.0,1210.0,1197.3333333333333,1180.3333333333333,12.5,0.06,0.04,-0.44,180000,4200,2.1,38000,520000,3.2,False
Kingston upon Thames,2025-06,2025-06-01,2025,6,2,summer,1.2246467991473532e-16,-1.0,1302,7.23,1343.0,1275.0,1292.0,1261.0,1202.6666666666667,12.5,0.06,0.04,-0.44,180000,4200,2.1,38000,520000,3.2,False
Kingston upon Thames,2025-07,2025-07-01,2025,7,3,summer,-0.4999999999999998,-0.8660254037844388,1448,8.04,1302.0,1165.0,1376.0,1270.0,1235.6666666666667,12.5,0.06,0.04,-0.44,180000,4200,2.1,38000,520000,3.2,False
Kingston upon Thames,2025-08,2025-08-01,2025,8,3,summer,-0.8660254037844384,-0.5000000000000004,1205,6.69,1448.0,1343.0,1286.0,1364.3333333333333,1280.8333333333333,12.5,0.06,0.04,-0.44,180000,4200,2.1,38000,520000,3.2,False
Kingston upon Thames,2025-09,2025-09-01,2025,9,3,autumn,-1.0,-1.8369701987210294e-16,1197,6.65,1205.0,1302.0,1176.0,1318.3333333333333,1289.6666666666667,12.5,0.06,0.04,-0.44,180000,4200,2.1,38000,520000,3.2,False
Kingston upon Thames,2025-10,2025-10-01,2025,10,4,autumn,-0.8660254037844386,0.5000000000000001,1407,7.82,1197.0,1448.0,1190.0,1283.3333333333333,1276.6666666666667,12.5,0.06,0.04,-0.44,180000,4200,2.1,38000,520000,3.2,False
Kingston upon Thames,2025-11,2025-11-01,2025,11,4,autumn,-0.5000000000000004,0.8660254037844384,1310,7.28,1407.0,1205.0,1209.0,1269.6666666666667,1317.0,12.5,0.06,0.04,-0.44,180000,4200,2.1,38000,520000,3.2,False
Kingston upon Thames,2025-12,2025-12-01,2025,12,4,winter,-2.4492935982947064e-16,1.0,1205,6.69,1310.0,1197.0,1104.0,1304.6666666666667,1311.5,12.5,0.06,0.04,-0.44,180000,4200,2.1,38000,520000,3.2,False
Kingston upon Thames,2026-01,2026-01-01,2026,1,1,winter,0.4999999999999999,0.8660254037844387,1093,6.07,1205.0,1407.0,1177.0,1307.3333333333333,1295.3333333333333,12.5,0.06,0.04,-0.44,180000,4200,2.1,38000,520000,3.2,False
Kingston upon Thames,2026-02,2026-02-01,2026,2,1,winter,0.8660254037844386,0.5000000000000001,1160,6.44,1093.0,1310.0,1152.0,1202.6666666666667,1236.1666666666667,12.5,0.06,0.04,-0.44,180000,4200,2.1,38000,520000,3.2,False
Lambeth,2023-03,2023-03-01,2023,3,1,spring,1.0,6.123233995736766e-17,3366,9.9,,,,1149.0,1242.4,32.0,0.18,0.11,0.73,340000,10600,4.6,36000,530000,7.8,False
Lambeth,2023-04,2023-04-01,2023,4,2,spring,0.8660254037844387,-0.4999999999999998,3617,10.64,3366.0,,,2229.5,1676.2,32.0,0.18,0.11,0.73,340000,10600,4.6,36000,530000,7.8,False
Lambeth,2023-05,2023-05-01,2023,5,2,spring,0.4999999999999999,-0.8660254037844387,3909,11.5,3617.0,,,3491.5,2118.2,32.0,0.18,0.11,0.73,340000,10600,4.6,36000,530000,7.8,False
Lambeth,2023-06,2023-06-01,2023,6,2,summer,1.2246467991473532e-16,-1.0,4329,12.73,3909.0,3366.0,,3630.6666666666665,2638.0,32.0,0.18,0.11,0.73,340000,10600,4.6,36000,530000,7.8,False
Lambeth,2023-07,2023-07-01,2023,7,3,summer,-0.4999999999999998,-0.8660254037844388,4030,11.85,4329.0,3617.0,,3951.6666666666665,3262.8,32.0,0.18,0.11,0.73,340000,10600,4.6,36000,530000,7.8,False
Lambeth,2023-08,2023-08-01,2023,8,3,summer,-0.8660254037844384,-0.5000000000000004,3755,11.04,4030.0,3909.0,,4089.3333333333335,3850.2,32.0,0.18,0.11,0.73,340000,10600,4.6,36000,530000,7.8,False
Lambeth,2023-09,2023-09-01,2023,9,3,autumn,-1.0,-1.8369701987210294e-16,3784,11.13,3755.0,4329.0,,4038.0,3834.3333333333335,32.0,0.18,0.11,0.73,340000,10600,4.6,36000,530000,7.8,False
Lambeth,2023-10,2023-10-01,2023,10,4,autumn,-0.8660254037844386,0.5000000000000001,3732,10.98,3784.0,4030.0,,3856.3333333333335,3904.0,32.0,0.18,0.11,0.73,340000,10600,4.6,36000,530000,7.8,False
Lambeth,2023-11,2023-11-01,2023,11,4,autumn,-0.5000000000000004,0.8660254037844384,3772,11.09,3732.0,3755.0,,3757.0,3923.1666666666665,32.0,0.18,0.11,0.73,340000,10600,4.6,36000,530000,7.8,False
Lambeth,2023-12,2023-12-01,2023,12,4,winter,-2.4492935982947064e-16,1.0,3724,10.95,3772.0,3784.0,,3762.6666666666665,3900.3333333333335,32.0,0.18,0.11,0.73,340000,10600,4.6,36000,530000,7.8,False
Lambeth,2024-01,2024-01-01,2024,1,1,winter,0.4999999999999999,0.8660254037844387,3549,10.44,3724.0,3732.0,,3742.6666666666665,3799.5,32.0,0.18,0.11,0.73,340000,10600,4.6,36000,530000,7.8,False
Lambeth,2024-02,2024-02-01,2024,2,1,winter,0.8660254037844386,0.5000000000000001,3746,11.02,3549.0,3772.0,,3681.6666666666665,3719.3333333333335,32.0,0.18,0.11,0.73,340000,10600,4.6,36000,530000,7.8,False
Lambeth,2024-03,2024-03-01,2024,3,1,spring,1.0,6.123233995736766e-17,3865,11.37,3746.0,3724.0,3366.0,3673.0,3717.8333333333335,32.0,0.18,0.11,0.73,340000,10600,4.6,36000,530000,7.8,False
Lambeth,2024-04,2024-04-01,2024,4,2,spring,0.8660254037844387,-0.4999999999999998,3780,11.12,3865.0,3549.0,3617.0,3720.0,3731.3333333333335,32.0,0.18,0.11,0.73,340000,10600,4.6,36000,530000,7.8,False
Lambeth,2024-05,2024-05-01,2024,5,2,spring,0.4999999999999999,-0.8660254037844387,4284,12.6,3780.0,3746.0,3909.0,3797.0,3739.3333333333335,32.0,0.18,0.11,0.73,340000,10600,4.6,36000,530000,7.8,False
Lambeth,2024-06,2024-06-01,2024,6,2,summer,1.2246467991473532e-16,-1.0,4345,12.78,4284.0,3865.0,4329.0,3976.3333333333335,3824.6666666666665,32.0,0.18,0.11,0.73,340000,10600,4.6,36000,530000,7.8,False
Lambeth,2024-07,2024-07-01,2024,7,3,summer,-0.4999999999999998,-0.8660254037844388,4276,12.58,4345.0,3780.0,4030.0,4136.333333333333,3928.1666666666665,32.0,0.18,0.11,0.73,340000,10600,4.6,36000,530000,7.8,False
Lambeth,2024-08,2024-08-01,2024,8,3,summer,-0.8660254037844384,-0.5000000000000004,4236,12.46,4276.0,4284.0,3755.0,4301.666666666667,4049.3333333333335,32.0,0.18,0.11,0.73,340000,10600,4.6,36000,530000,7.8,False
Lambeth,2024-09,2024-09-01,2024,9,3,autumn,-1.0,-1.8369701987210294e-16,4141,12.18,4236.0,4345.0,3784.0,4285.666666666667,4131.0,32.0,0.18,0.11,0.73,340000,10600,4.6,36000,530000,7.8,False
Lambeth,2024-10,2024-10-01,2024,10,4,autumn,-0.8660254037844386,0.5000000000000001,4409,12.97,4141.0,4276.0,3732.0,4217.666666666667,4177.0,32.0,0.18,0.11,0.73,340000,10600,4.6,36000,530000,7.8,False
Lambeth,2024-11,2024-11-01,2024,11,4,autumn,-0.5000000000000004,0.8660254037844384,3814,11.22,4409.0,4236.0,3772.0,4262.0,4281.833333333333,32.0,0.18,0.11,0.73,340000,10600,4.6,36000,530000,7.8,False
Lambeth,2024-12,2024-12-01,2024,12,4,winter,-2.4492935982947064e-16,1.0,3649,10.73,3814.0,4141.0,3724.0,4121.333333333333,4203.5,32.0,0.18,0.11,0.73,340000,10600,4.6,36000,530000,7.8,False
Lambeth,2025-01,2025-01-01,2025,1,1,winter,0.4999999999999999,0.8660254037844387,3603,10.6,3649.0,4409.0,3549.0,3957.3333333333335,4087.5,32.0,0.18,0.11,0.73,340000,10600,4.6,36000,530000,7.8,False
Lambeth,2025-02,2025-02-01,2025,2,1,winter,0.8660254037844386,0.5000000000000001,3261,9.59,3603.0,3814.0,3746.0,3688.6666666666665,3975.3333333333335,32.0,0.18,0.11,0.73,340000,10600,4.6,36000,530000,7.8,False
Lambeth,2025-03,2025-03-01,2025,3,1,spring,1.0,6.123233995736766e-17,3555,10.46,3261.0,3649.0,3865.0,3504.3333333333335,3812.8333333333335,32.0,0.18,0.11,0.73,340000,10600,4.6,36000,530000,7.8,False
Lambeth,2025-04,2025-04-01,2025,4,2,spring,0.8660254037844387,-0.4999999999999998,3921,11.53,3555.0,3603.0,3780.0,3473.0,3715.1666666666665,32.0,0.18,0.11,0.73,340000,10600,4.6,36000,530000,7.8,False
Lambeth,2025-05,2025-05-01,2025,5,2,spring,0.4999999999999999,-0.8660254037844387,4102,12.06,3921.0,3261.0,4284.0,3579.0,3633.8333333333335,32.0,0.18,0.11,0.73,340000,10600,4.6,36000,530000,7.8,False
Lambeth,2025-06,2025-06-01,2025,6,2,summer,1.2246467991473532e-16,-1.0,4343,12.77,4102.0,3555.0,4345.0,3859.3333333333335,3681.8333333333335,32.0,0.18,0.11,0.73,340000,10600,4.6,36000,530000,7.8,False
Lambeth,2025-07,2025-07-01,2025,7,3,summer,-0.4999999999999998,-0.8660254037844388,4454,13.1,4343.0,3921.0,4276.0,4122.0,3797.5,32.0,0.18,0.11,0.73,340000,10600,4.6,36000,530000,7.8,False
Lambeth,2025-08,2025-08-01,2025,8,3,summer,-0.8660254037844384,-0.5000000000000004,4123,12.13,4454.0,4102.0,4236.0,4299.666666666667,3939.3333333333335,32.0,0.18,0.11,0.73,340000,10600,4.6,36000,530000,7.8,False
Lambeth,2025-09,2025-09-01,2025,9,3,autumn,-1.0,-1.8369701987210294e-16,4039,11.88,4123.0,4343.0,4141.0,4306.666666666667,4083.0,32.0,0.18,0.11,0.73,340000,10600,4.6,36000,530000,7.8,False
Lambeth,2025-10,2025-10-01,2025,10,4,autumn,-0.8660254037844386,0.5000000000000001,3938,11.58,4039.0,4454.0,4409.0,4205.333333333333,4163.666666666667,32.0,0.18,0.11,0.73,340000,10600,4.6,36000,530000,7.8,False
Lambeth,2025-11,2025-11-01,2025,11,4,autumn,-0.5000000000000004,0.8660254037844384,3802,11.18,3938.0,4123.0,3814.0,4033.3333333333335,4166.5,32.0,0.18,0.11,0.73,340000,10600,4.6,36000,530000,7.8,False
Lambeth,2025-12,2025-12-01,2025,12,4,winter,-2.4492935982947064e-16,1.0,3743,11.01,3802.0,4039.0,3649.0,3926.3333333333335,4116.5,32.0,0.18,0.11,0.73,340000,10600,4.6,36000,530000,7.8,False
Lambeth,2026-01,2026-01-01,2026,1,1,winter,0.4999999999999999,0.8660254037844387,3671,10.8,3743.0,3938.0,3603.0,3827.6666666666665,4016.5,32.0,0.18,0.11,0.73,340000,10600,4.6,36000,530000,7.8,False
Lambeth,2026-02,2026-02-01,2026,2,1,winter,0.8660254037844386,0.5000000000000001,3420,10.06,3671.0,3802.0,3261.0,3738.6666666666665,3886.0,32.0,0.18,0.11,0.73,340000,10600,4.6,36000,530000,7.8,False
Lewisham,2023-03,2023-03-01,2023,3,1,spring,1.0,6.123233995736766e-17,2936,9.47,,,,3707.0,3838.6,29.3,0.16,0.1,0.41,310000,7900,4.7,34500,470000,7.0,False
Lewisham,2023-04,2023-04-01,2023,4,2,spring,0.8660254037844387,-0.4999999999999998,2858,9.22,2936.0,,,3303.5,3618.0,29.3,0.16,0.1,0.41,310000,7900,4.7,34500,470000,7.0,False
Lewisham,2023-05,2023-05-01,2023,5,2,spring,0.4999999999999999,-0.8660254037844387,3245,10.47,2858.0,,,2897.0,3402.0,29.3,0.16,0.1,0.41,310000,7900,4.7,34500,470000,7.0,False
Lewisham,2023-06,2023-06-01,2023,6,2,summer,1.2246467991473532e-16,-1.0,3914,12.63,3245.0,2936.0,,3013.0,3290.6,29.3,0.16,0.1,0.41,310000,7900,4.7,34500,470000,7.0,False
Lewisham,2023-07,2023-07-01,2023,7,3,summer,-0.4999999999999998,-0.8660254037844388,3236,10.44,3914.0,2858.0,,3339.0,3324.8,29.3,0.16,0.1,0.41,310000,7900,4.7,34500,470000,7.0,False
Lewisham,2023-08,2023-08-01,2023,8,3,summer,-0.8660254037844384,-0.5000000000000004,3244,10.46,3236.0,3245.0,,3465.0,3237.8,29.3,0.16,0.1,0.41,310000,7900,4.7,34500,470000,7.0,False
Lewisham,2023-09,2023-09-01,2023,9,3,autumn,-1.0,-1.8369701987210294e-16,3120,10.06,3244.0,3914.0,,3464.6666666666665,3238.8333333333335,29.3,0.16,0.1,0.41,310000,7900,4.7,34500,470000,7.0,False
Lewisham,2023-10,2023-10-01,2023,10,4,autumn,-0.8660254037844386,0.5000000000000001,2925,9.44,3120.0,3236.0,,3200.0,3269.5,29.3,0.16,0.1,0.41,310000,7900,4.7,34500,470000,7.0,False
Lewisham,2023-11,2023-11-01,2023,11,4,autumn,-0.5000000000000004,0.8660254037844384,2810,9.06,2925.0,3244.0,,3096.3333333333335,3280.6666666666665,29.3,0.16,0.1,0.41,310000,7900,4.7,34500,470000,7.0,False
Lewisham,2023-12,2023-12-01,2023,12,4,winter,-2.4492935982947064e-16,1.0,2800,9.03,2810.0,3120.0,,2951.6666666666665,3208.1666666666665,29.3,0.16,0.1,0.41,310000,7900,4.7,34500,470000,7.0,False
Lewisham,2024-01,2024-01-01,2024,1,1,winter,0.4999999999999999,0.8660254037844387,2911,9.39,2800.0,2925.0,,2845.0,3022.5,29.3,0.16,0.1,0.41,310000,7900,4.7,34500,470000,7.0,False
Lewisham,2024-02,2024-02-01,2024,2,1,winter,0.8660254037844386,0.5000000000000001,2825,9.11,2911.0,2810.0,,2840.3333333333335,2968.3333333333335,29.3,0.16,0.1,0.41,310000,7900,4.7,34500,470000,7.0,False
Lewisham,2024-03,2024-03-01,2024,3,1,spring,1.0,6.123233995736766e-17,3062,9.88,2825.0,2800.0,2936.0,2845.3333333333335,2898.5,29.3,0.16,0.1,0.41,310000,7900,4.7,34500,470000,7.0,False
Lewisham,2024-04,2024-04-01,2024,4,2,spring,0.8660254037844387,-0.4999999999999998,2964,9.56,3062.0,2911.0,2858.0,2932.6666666666665,2888.8333333333335,29.3,0.16,0.1,0.41,310000,7900,4.7,34500,470000,7.0,False
Lewisham,2024-05,2024-05-01,2024,5,2,spring,0.4999999999999999,-0.8660254037844387,3259,10.51,2964.0,2825.0,3245.0,2950.3333333333335,2895.3333333333335,29.3,0.16,0.1,0.41,310000,7900,4.7,34500,470000,7.0,False
Lewisham,2024-06,2024-06-01,2024,6,2,summer,1.2246467991473532e-16,-1.0,3333,10.75,3259.0,3062.0,3914.0,3095.0,2970.1666666666665,29.3,0.16,0.1,0.41,310000,7900,4.7,34500,470000,7.0,False
Lewisham,2024-07,2024-07-01,2024,7,3,summer,-0.4999999999999998,-0.8660254037844388,3600,11.61,3333.0,2964.0,3236.0,3185.3333333333335,3059.0,29.3,0.16,0.1,0.41,310000,7900,4.7,34500,470000,7.0,False
Lewisham,2024-08,2024-08-01,2024,8,3,summer,-0.8660254037844384,-0.5000000000000004,3253,10.49,3600.0,3259.0,3244.0,3397.3333333333335,3173.8333333333335,29.3,0.16,0.1,0.41,310000,7900,4.7,34500,470000,7.0,False
Lewisham,2024-09,2024-09-01,2024,9,3,autumn,-1.0,-1.8369701987210294e-16,3130,10.1,3253.0,3333.0,3120.0,3395.3333333333335,3245.1666666666665,29.3,0.16,0.1,0.41,310000,7900,4.7,34500,470000,7.0,False
Lewisham,2024-10,2024-10-01,2024,10,4,autumn,-0.8660254037844386,0.5000000000000001,3282,10.59,3130.0,3600.0,2925.0,3327.6666666666665,3256.5,29.3,0.16,0.1,0.41,310000,7900,4.7,34500,470000,7.0,False
Lewisham,2024-11,2024-11-01,2024,11,4,autumn,-0.5000000000000004,0.8660254037844384,3064,9.88,3282.0,3253.0,2810.0,3221.6666666666665,3309.5,29.3,0.16,0.1,0.41,310000,7900,4.7,34500,470000,7.0,False
Lewisham,2024-12,2024-12-01,2024,12,4,winter,-2.4492935982947064e-16,1.0,2854,9.21,3064.0,3130.0,2800.0,3158.6666666666665,3277.0,29.3,0.16,0.1,0.41,310000,7900,4.7,34500,470000,7.0,False
Lewisham,2025-01,2025-01-01,2025,1,1,winter,0.4999999999999999,0.8660254037844387,2847,9.18,2854.0,3282.0,2911.0,3066.6666666666665,3197.1666666666665,29.3,0.16,0.1,0.41,310000,7900,4.7,34500,470000,7.0,False
Lewisham,2025-02,2025-02-01,2025,2,1,winter,0.8660254037844386,0.5000000000000001,2705,8.73,2847.0,3064.0,2825.0,2921.6666666666665,3071.6666666666665,29.3,0.16,0.1,0.41,310000,7900,4.7,34500,470000,7.0,False
Lewisham,2025-03,2025-03-01,2025,3,1,spring,1.0,6.123233995736766e-17,2903,9.36,2705.0,2854.0,3062.0,2802.0,2980.3333333333335,29.3,0.16,0.1,0.41,310000,7900,4.7,34500,470000,7.0,False
Lewisham,2025-04,2025-04-01,2025,4,2,spring,0.8660254037844387,-0.4999999999999998,3016,9.73,2903.0,2847.0,2964.0,2818.3333333333335,2942.5,29.3,0.16,0.1,0.41,310000,7900,4.7,34500,470000,7.0,False
Lewisham,2025-05,2025-05-01,2025,5,2,spring,0.4999999999999999,-0.8660254037844387,3294,10.63,3016.0,2705.0,3259.0,2874.6666666666665,2898.1666666666665,29.3,0.16,0.1,0.41,310000,7900,4.7,34500,470000,7.0,False
Lewisham,2025-06,2025-06-01,2025,6,2,summer,1.2246467991473532e-16,-1.0,3204,10.34,3294.0,2903.0,3333.0,3071.0,2936.5,29.3,0.16,0.1,0.41,310000,7900,4.7,34500,470000,7.0,False
Lewisham,2025-07,2025-07-01,2025,7,3,summer,-0.4999999999999998,-0.8660254037844388,3309,10.67,3204.0,3016.0,3600.0,3171.3333333333335,2994.8333333333335,29.3,0.16,0.1,0.41,310000,7900,4.7,34500,470000,7.0,False
Lewisham,2025-08,2025-08-01,2025,8,3,summer,-0.8660254037844384,-0.5000000000000004,3208,10.35,3309.0,3294.0,3253.0,3269.0,3071.8333333333335,29.3,0.16,0.1,0.41,310000,7900,4.7,34500,470000,7.0,False
Lewisham,2025-09,2025-09-01,2025,9,3,autumn,-1.0,-1.8369701987210294e-16,2966,9.57,3208.0,3204.0,3130.0,3240.3333333333335,3155.6666666666665,29.3,0.16,0.1,0.41,310000,7900,4.7,34500,470000,7.0,False
Lewisham,2025-10,2025-10-01,2025,10,4,autumn,-0.8660254037844386,0.5000000000000001,3213,10.36,2966.0,3309.0,3282.0,3161.0,3166.1666666666665,29.3,0.16,0.1,0.41,310000,7900,4.7,34500,470000,7.0,False
Lewisham,2025-11,2025-11-01,2025,11,4,autumn,-0.5000000000000004,0.8660254037844384,3017,9.73,3213.0,3208.0,3064.0,3129.0,3199.0,29.3,0.16,0.1,0.41,310000,7900,4.7,34500,470000,7.0,False
Lewisham,2025-12,2025-12-01,2025,12,4,winter,-2.4492935982947064e-16,1.0,2852,9.2,3017.0,2966.0,2854.0,3065.3333333333335,3152.8333333333335,29.3,0.16,0.1,0.41,310000,7900,4.7,34500,470000,7.0,False
Lewisham,2026-01,2026-01-01,2026,1,1,winter,0.4999999999999999,0.8660254037844387,2873,9.27,2852.0,3213.0,2847.0,3027.3333333333335,3094.1666666666665,29.3,0.16,0.1,0.41,310000,7900,4.7,34500,470000,7.0,False
Lewisham,2026-02,2026-02-01,2026,2,1,winter,0.8660254037844386,0.5000000000000001,2811,9.07,2873.0,3017.0,2705.0,2914.0,3021.5,29.3,0.16,0.1,0.41,310000,7900,4.7,34500,470000,7.0,False
Merton,2023-03,2023-03-01,2023,3,1,spring,1.0,6.123233995736766e-17,1393,6.54,,,,2862.5,2984.2,15.9,0.08,0.05,-0.23,213000,5300,2.5,37000,540000,4.2,False
Merton,2023-04,2023-04-01,2023,4,2,spring,0.8660254037844387,-0.4999999999999998,1372,6.44,1393.0,,,2133.0,2669.6,15.9,0.08,0.05,-0.23,213000,5300,2.5,37000,540000,4.2,False
Merton,2023-05,2023-05-01,2023,5,2,spring,0.4999999999999999,-0.8660254037844387,1573,7.38,1372.0,,,1382.5,2301.4,15.9,0.08,0.05,-0.23,213000,5300,2.5,37000,540000,4.2,False
Merton,2023-06,2023-06-01,2023,6,2,summer,1.2246467991473532e-16,-1.0,1671,7.85,1573.0,1393.0,,1446.0,2012.6,15.9,0.08,0.05,-0.23,213000,5300,2.5,37000,540000,4.2,False
Merton,2023-07,2023-07-01,2023,7,3,summer,-0.4999999999999998,-0.8660254037844388,1644,7.72,1671.0,1372.0,,1538.6666666666667,1776.4,15.9,0.08,0.05,-0.23,213000,5300,2.5,37000,540000,4.2,False
Merton,2023-08,2023-08-01,2023,8,3,summer,-0.8660254037844384,-0.5000000000000004,1420,6.67,1644.0,1573.0,,1629.3333333333333,1530.6,15.9,0.08,0.05,-0.23,213000,5300,2.5,37000,540000,4.2,False
Merton,2023-09,2023-09-01,2023,9,3,autumn,-1.0,-1.8369701987210294e-16,1571,7.38,1420.0,1671.0,,1578.3333333333333,1512.1666666666667,15.9,0.08,0.05,-0.23,213000,5300,2.5,37000,540000,4.2,False
Merton,2023-10,2023-10-01,2023,10,4,autumn,-0.8660254037844386,0.5000000000000001,1551,7.28,1571.0,1644.0,,1545.0,1541.8333333333333,15.9,0.08,0.05,-0.23,213000,5300,2.5,37000,540000,4.2,False
Merton,2023-11,2023-11-01,2023,11,4,autumn,-0.5000000000000004,0.8660254037844384,1436,6.74,1551.0,1420.0,,1514.0,1571.6666666666667,15.9,0.08,0.05,-0.23,213000,5300,2.5,37000,540000,4.2,False
Merton,2023-12,2023-12-01,2023,12,4,winter,-2.4492935982947064e-16,1.0,1407,6.61,1436.0,1571.0,,1519.3333333333333,1548.8333333333333,15.9,0.08,0.05,-0.23,213000,5300,2.5,37000,540000,4.2,False
Merton,2024-01,2024-01-01,2024,1,1,winter,0.4999999999999999,0.8660254037844387,1419,6.66,1407.0,1551.0,,1464.6666666666667,1504.8333333333333,15.9,0.08,0.05,-0.23,213000,5300,2.5,37000,540000,4.2,False
Merton,2024-02,2024-02-01,2024,2,1,winter,0.8660254037844386,0.5000000000000001,1395,6.55,1419.0,1436.0,,1420.6666666666667,1467.3333333333333,15.9,0.08,0.05,-0.23,213000,5300,2.5,37000,540000,4.2,False
Merton,2024-03,2024-03-01,2024,3,1,spring,1.0,6.123233995736766e-17,1339,6.29,1395.0,1407.0,1393.0,1407.0,1463.1666666666667,15.9,0.08,0.05,-0.23,213000,5300,2.5,37000,540000,4.2,False
Merton,2024-04,2024-04-01,2024,4,2,spring,0.8660254037844387,-0.4999999999999998,1421,6.67,1339.0,1419.0,1372.0,1384.3333333333333,1424.5,15.9,0.08,0.05,-0.23,213000,5300,2.5,37000,540000,4.2,False
Merton,2024-05,2024-05-01,2024,5,2,spring,0.4999999999999999,-0.8660254037844387,1506,7.07,1421.0,1395.0,1573.0,1385.0,1402.8333333333333,15.9,0.08,0.05,-0.23,213000,5300,2.5,37000,540000,4.2,False
Merton,2024-06,2024-06-01,2024,6,2,summer,1.2246467991473532e-16,-1.0,1500,7.04,1506.0,1339.0,1671.0,1422.0,1414.5,15.9,0.08,0.05,-0.23,213000,5300,2.5,37000,540000,4.2,False
Merton,2024-07,2024-07-01,2024,7,3,summer,-0.4999999999999998,-0.8660254037844388,1687,7.92,1500.0,1421.0,1644.0,1475.6666666666667,1430.0,15.9,0.08,0.05,-0.23,213000,5300,2.5,37000,540000,4.2,False
Merton,2024-08,2024-08-01,2024,8,3,summer,-0.8660254037844384,-0.5000000000000004,1589,7.46,1687.0,1506.0,1420.0,1564.3333333333333,1474.6666666666667,15.9,0.08,0.05,-0.23,213000,5300,2.5,37000,540000,4.2,False
Merton,2024-09,2024-09-01,2024,9,3,autumn,-1.0,-1.8369701987210294e-16,1502,7.05,1589.0,1500.0,1571.0,1592.0,1507.0,15.9,0.08,0.05,-0.23,213000,5300,2.5,37000,540000,4.2,False
Merton,2024-10,2024-10-01,2024,10,4,autumn,-0.8660254037844386,0.5000000000000001,1527,7.17,1502.0,1687.0,1551.0,1592.6666666666667,1534.1666666666667,15.9,0.08,0.05,-0.23,213000,5300,2.5,37000,540000,4.2,False
Merton,2024-11,2024-11-01,2024,11,4,autumn,-0.5000000000000004,0.8660254037844384,1450,6.81,1527.0,1589.0,1436.0,1539.3333333333333,1551.8333333333333,15.9,0.08,0.05,-0.23,213000,5300,2.5,37000,540000,4.2,False
Merton,2024-12,2024-12-01,2024,12,4,winter,-2.4492935982947064e-16,1.0,1319,6.19,1450.0,1502.0,1407.0,1493.0,1542.5,15.9,0.08,0.05,-0.23,213000,5300,2.5,37000,540000,4.2,False
Merton,2025-01,2025-01-01,2025,1,1,winter,0.4999999999999999,0.8660254037844387,1333,6.26,1319.0,1527.0,1419.0,1432.0,1512.3333333333333,15.9,0.08,0.05,-0.23,213000,5300,2.5,37000,540000,4.2,False
Merton,2025-02,2025-02-01,2025,2,1,winter,0.8660254037844386,0.5000000000000001,1235,5.8,1333.0,1450.0,1395.0,1367.3333333333333,1453.3333333333333,15.9,0.08,0.05,-0.23,213000,5300,2.5,37000,540000,4.2,False
Merton,2025-03,2025-03-01,2025,3,1,spring,1.0,6.123233995736766e-17,1526,7.16,1235.0,1319.0,1339.0,1295.6666666666667,1394.3333333333333,15.9,0.08,0.05,-0.23,213000,5300,2.5,37000,540000,4.2,False
Merton,2025-04,2025-04-01,2025,4,2,spring,0.8660254037844387,-0.4999999999999998,1468,6.89,1526.0,1333.0,1421.0,1364.6666666666667,1398.3333333333333,15.9,0.08,0.05,-0.23,213000,5300,2.5,37000,540000,4.2,False
Merton,2025-05,2025-05-01,2025,5,2,spring,0.4999999999999999,-0.8660254037844387,1489,6.99,1468.0,1235.0,1506.0,1409.6666666666667,1388.5,15.9,0.08,0.05,-0.23,213000,5300,2.5,37000,540000,4.2,False
Merton,2025-06,2025-06-01,2025,6,2,summer,1.2246467991473532e-16,-1.0,1462,6.86,1489.0,1526.0,1500.0,1494.3333333333333,1395.0,15.9,0.08,0.05,-0.23,213000,5300,2.5,37000,540000,4.2,False
Merton,2025-07,2025-07-01,2025,7,3,summer,-0.4999999999999998,-0.8660254037844388,1664,7.81,1462.0,1468.0,1687.0,1473.0,1418.8333333333333,15.9,0.08,0.05,-0.23,213000,5300,2.5,37000,540000,4.2,False
Merton,2025-08,2025-08-01,2025,8,3,summer,-0.8660254037844384,-0.5000000000000004,1420,6.67,1664.0,1489.0,1589.0,1538.3333333333333,1474.0,15.9,0.08,0.05,-0.23,213000,5300,2.5,37000,540000,4.2,False
Merton,2025-09,2025-09-01,2025,9,3,autumn,-1.0,-1.8369701987210294e-16,1300,6.1,1420.0,1462.0,1502.0,1515.3333333333333,1504.8333333333333,15.9,0.08,0.05,-0.23,213000,5300,2.5,37000,540000,4.2,False
Merton,2025-10,2025-10-01,2025,10,4,autumn,-0.8660254037844386,0.5000000000000001,1409,6.62,1300.0,1664.0,1527.0,1461.3333333333333,1467.1666666666667,15.9,0.08,0.05,-0.23,213000,5300,2.5,37000,540000,4.2,False
Merton,2025-11,2025-11-01,2025,11,4,autumn,-0.5000000000000004,0.8660254037844384,1325,6.22,1409.0,1420.0,1450.0,1376.3333333333333,1457.3333333333333,15.9,0.08,0.05,-0.23,213000,5300,2.5,37000,540000,4.2,False
Merton,2025-12,2025-12-01,2025,12,4,winter,-2.4492935982947064e-16,1.0,1402,6.58,1325.0,1300.0,1319.0,1344.6666666666667,1430.0,15.9,0.08,0.05,-0.23,213000,5300,2.5,37000,540000,4.2,False
Merton,2026-01,2026-01-01,2026,1,1,winter,0.4999999999999999,0.8660254037844387,1250,5.87,1402.0,1409.0,1333.0,1378.6666666666667,1420.0,15.9,0.08,0.05,-0.23,213000,5300,2.5,37000,540000,4.2,False
Merton,2026-02,2026-02-01,2026,2,1,winter,0.8660254037844386,0.5000000000000001,1240,5.82,1250.0,1325.0,1235.0,1325.6666666666667,1351.0,15.9,0.08,0.05,-0.23,213000,5300,2.5,37000,540000,4.2,False
Newham,2023-03,2023-03-01,2023,3,1,spring,1.0,6.123233995736766e-17,3616,9.34,,,,1326.0,1337.2,40.1,0.25,0.15,0.8,387000,9900,6.1,32000,390000,12.5,False
Newham,2023-04,2023-04-01,2023,4,2,spring,0.8660254037844387,-0.4999999999999998,3557,9.19,3616.0,,,2433.0,1800.4,40.1,0.25,0.15,0.8,387000,9900,6.1,32000,390000,12.5,False
Newham,2023-05,2023-05-01,2023,5,2,spring,0.4999999999999999,-0.8660254037844387,3993,10.32,3557.0,,,3586.5,2230.0,40.1,0.25,0.15,0.8,387000,9900,6.1,32000,390000,12.5,False
Newham,2023-06,2023-06-01,2023,6,2,summer,1.2246467991473532e-16,-1.0,4569,11.81,3993.0,3616.0,,3722.0,2763.6,40.1,0.25,0.15,0.8,387000,9900,6.1,32000,390000,12.5,False
Newham,2023-07,2023-07-01,2023,7,3,summer,-0.4999999999999998,-0.8660254037844388,4228,10.93,4569.0,3557.0,,4039.6666666666665,3397.0,40.1,0.25,0.15,0.8,387000,9900,6.1,32000,390000,12.5,False
Newham,2023-08,2023-08-01,2023,8,3,summer,-0.8660254037844384,-0.5000000000000004,4111,10.62,4228.0,3993.0,,4263.333333333333,3992.6,40.1,0.25,0.15,0.8,387000,9900,6.1,32000,390000,12.5,False
Newham,2023-09,2023-09-01,2023,9,3,autumn,-1.0,-1.8369701987210294e-16,4206,10.87,4111.0,4569.0,,4302.666666666667,4012.3333333333335,40.1,0.25,0.15,0.8,387000,9900,6.1,32000,390000,12.5,False
Newham,2023-10,2023-10-01,2023,10,4,autumn,-0.8660254037844386,0.5000000000000001,4047,10.46,4206.0,4228.0,,4181.666666666667,4110.666666666667,40.1,0.25,0.15,0.8,387000,9900,6.1,32000,390000,12.5,False
Newham,2023-11,2023-11-01,2023,11,4,autumn,-0.5000000000000004,0.8660254037844384,4350,11.24,4047.0,4111.0,,4121.333333333333,4192.333333333333,40.1,0.25,0.15,0.8,387000,9900,6.1,32000,390000,12.5,False
Newham,2023-12,2023-12-01,2023,12,4,winter,-2.4492935982947064e-16,1.0,4181,10.8,4350.0,4206.0,,4201.0,4251.833333333333,40.1,0.25,0.15,0.8,387000,9900,6.1,32000,390000,12.5,False
Newham,2024-01,2024-01-01,2024,1,1,winter,0.4999999999999999,0.8660254037844387,3949,10.2,4181.0,4047.0,,4192.666666666667,4187.166666666667,40.1,0.25,0.15,0.8,387000,9900,6.1,32000,390000,12.5,False
Newham,2024-02,2024-02-01,2024,2,1,winter,0.8660254037844386,0.5000000000000001,4023,10.4,3949.0,4350.0,,4160.0,4140.666666666667,40.1,0.25,0.15,0.8,387000,9900,6.1,32000,390000,12.5,False
Newham,2024-03,2024-03-01,2024,3,1,spring,1.0,6.123233995736766e-17,4079,10.54,4023.0,4181.0,3616.0,4051.0,4126.0,40.1,0.25,0.15,0.8,387000,9900,6.1,32000,390000,12.5,False
Newham,2024-04,2024-04-01,2024,4,2,spring,0.8660254037844387,-0.4999999999999998,4265,11.02,4079.0,3949.0,3557.0,4017.0,4104.833333333333,40.1,0.25,0.15,0.8,387000,9900,6.1,32000,390000,12.5,False
Newham,2024-05,2024-05-01,2024,5,2,spring,0.4999999999999999,-0.8660254037844387,4277,11.05,4265.0,4023.0,3993.0,4122.333333333333,4141.166666666667,40.1,0.25,0.15,0.8,387000,9900,6.1,32000,390000,12.5,False
Newham,2024-06,2024-06-01,2024,6,2,summer,1.2246467991473532e-16,-1.0,4282,11.06,4277.0,4079.0,4569.0,4207.0,4129.0,40.1,0.25,0.15,0.8,387000,9900,6.1,32000,390000,12.5,False
Newham,2024-07,2024-07-01,2024,7,3,summer,-0.4999999999999998,-0.8660254037844388,4328,11.18,4282.0,4265.0,4228.0,4274.666666666667,4145.833333333333,40.1,0.25,0.15,0.8,387000,9900,6.1,32000,390000,12.5,False
Newham,2024-08,2024-08-01,2024,8,3,summer,-0.8660254037844384,-0.5000000000000004,4281,11.06,4328.0,4277.0,4111.0,4295.666666666667,4209.0,40.1,0.25,0.15,0.8,387000,9900,6.1,32000,390000,12.5,False
Newham,2024-09,2024-09-01,2024,9,3,autumn,-1.0,-1.8369701987210294e-16,4279,11.06,4281.0,4282.0,4206.0,4297.0,4252.0,40.1,0.25,0.15,0.8,387000,9900,6.1,32000,390000,12.5,False
Newham,2024-10,2024-10-01,2024,10,4,autumn,-0.8660254037844386,0.5000000000000001,4483,11.58,4279.0,4328.0,4047.0,4296.0,4285.333333333333,40.1,0.25,0.15,0.8,387000,9900,6.1,32000,390000,12.5,False
Newham,2024-11,2024-11-01,2024,11,4,autumn,-0.5000000000000004,0.8660254037844384,4345,11.23,4483.0,4281.0,4350.0,4347.666666666667,4321.666666666667,40.1,0.25,0.15,0.8,387000,9900,6.1,32000,390000,12.5,False
Newham,2024-12,2024-12-01,2024,12,4,winter,-2.4492935982947064e-16,1.0,4154,10.73,4345.0,4279.0,4181.0,4369.0,4333.0,40.1,0.25,0.15,0.8,387000,9900,6.1,32000,390000,12.5,False
Newham,2025-01,2025-01-01,2025,1,1,winter,0.4999999999999999,0.8660254037844387,3937,10.17,4154.0,4483.0,3949.0,4327.333333333333,4311.666666666667,40.1,0.25,0.15,0.8,387000,9900,6.1,32000,390000,12.5,False
Newham,2025-02,2025-02-01,2025,2,1,winter,0.8660254037844386,0.5000000000000001,3701,9.56,3937.0,4345.0,4023.0,4145.333333333333,4246.5,40.1,0.25,0.15,0.8,387000,9900,6.1,32000,390000,12.5,False
Newham,2025-03,2025-03-01,2025,3,1,spring,1.0,6.123233995736766e-17,4120,10.65,3701.0,4154.0,4079.0,3930.6666666666665,4149.833333333333,40.1,0.25,0.15,0.8,387000,9900,6.1,32000,390000,12.5,False
Newham,2025-04,2025-04-01,2025,4,2,spring,0.8660254037844387,-0.4999999999999998,4004,10.35,4120.0,3937.0,4265.0,3919.3333333333335,4123.333333333333,40.1,0.25,0.15,0.8,387000,9900,6.1,32000,390000,12.5,False
Newham,2025-05,2025-05-01,2025,5,2,spring,0.4999999999999999,-0.8660254037844387,4252,10.99,4004.0,3701.0,4277.0,3941.6666666666665,4043.5,40.1,0.25,0.15,0.8,387000,9900,6.1,32000,390000,12.5,False
Newham,2025-06,2025-06-01,2025,6,2,summer,1.2246467991473532e-16,-1.0,4316,11.15,4252.0,4120.0,4282.0,4125.333333333333,4028.0,40.1,0.25,0.15,0.8,387000,9900,6.1,32000,390000,12.5,False
Newham,2025-07,2025-07-01,2025,7,3,summer,-0.4999999999999998,-0.8660254037844388,4781,12.35,4316.0,4004.0,4328.0,4190.666666666667,4055.0,40.1,0.25,0.15,0.8,387000,9900,6.1,32000,390000,12.5,False
Newham,2025-08,2025-08-01,2025,8,3,summer,-0.8660254037844384,-0.5000000000000004,4231,10.93,4781.0,4252.0,4281.0,4449.666666666667,4195.666666666667,40.1,0.25,0.15,0.8,387000,9900,6.1,32000,390000,12.5,False
Newham,2025-09,2025-09-01,2025,9,3,autumn,-1.0,-1.8369701987210294e-16,4126,10.66,4231.0,4316.0,4279.0,4442.666666666667,4284.0,40.1,0.25,0.15,0.8,387000,9900,6.1,32000,390000,12.5,False
Newham,2025-10,2025-10-01,2025,10,4,autumn,-0.8660254037844386,0.5000000000000001,4631,11.97,4126.0,4781.0,4483.0,4379.333333333333,4285.0,40.1,0.25,0.15,0.8,387000,9900,6.1,32000,390000,12.5,False
Newham,2025-11,2025-11-01,2025,11,4,autumn,-0.5000000000000004,0.8660254037844384,4292,11.09,4631.0,4231.0,4345.0,4329.333333333333,4389.5,40.1,0.25,0.15,0.8,387000,9900,6.1,32000,390000,12.5,False
Newham,2025-12,2025-12-01,2025,12,4,winter,-2.4492935982947064e-16,1.0,4114,10.63,4292.0,4126.0,4154.0,4349.666666666667,4396.166666666667,40.1,0.25,0.15,0.8,387000,9900,6.1,32000,390000,12.5,False
Newham,2026-01,2026-01-01,2026,1,1,winter,0.4999999999999999,0.8660254037844387,4071,10.52,4114.0,4631.0,3937.0,4345.666666666667,4362.5,40.1,0.25,0.15,0.8,387000,9900,6.1,32000,390000,12.5,False
Newham,2026-02,2026-02-01,2026,2,1,winter,0.8660254037844386,0.5000000000000001,3849,9.95,4071.0,4292.0,3701.0,4159.0,4244.166666666667,40.1,0.25,0.15,0.8,387000,9900,6.1,32000,390000,12.5,False
Redbridge,2023-03,2023-03-01,2023,3,1,spring,1.0,6.123233995736766e-17,2492,8.04,,,,4092.5,4246.8,23.8,0.13,0.08,0.05,310000,5700,3.6,33500,430000,7.9,False
Redbridge,2023-04,2023-04-01,2023,4,2,spring,0.8660254037844387,-0.4999999999999998,2445,7.89,2492.0,,,3281.5,3920.0,23.8,0.13,0.08,0.05,310000,5700,3.6,33500,430000,7.9,False
Redbridge,2023-05,2023-05-01,2023,5,2,spring,0.4999999999999999,-0.8660254037844387,2610,8.42,2445.0,,,2468.5,3482.8,23.8,0.13,0.08,0.05,310000,5700,3.6,33500,430000,7.9,False
Redbridge,2023-06,2023-06-01,2023,6,2,summer,1.2246467991473532e-16,-1.0,2785,8.98,2610.0,2492.0,,2515.6666666666665,3146.4,23.8,0.13,0.08,0.05,310000,5700,3.6,33500,430000,7.9,False
Redbridge,2023-07,2023-07-01,2023,7,3,summer,-0.4999999999999998,-0.8660254037844388,2618,8.45,2785.0,2445.0,,2613.3333333333335,2880.6,23.8,0.13,0.08,0.05,310000,5700,3.6,33500,430000,7.9,False
Redbridge,2023-08,2023-08-01,2023,8,3,summer,-0.8660254037844384,-0.5000000000000004,2655,8.56,2618.0,2610.0,,2671.0,2590.0,23.8,0.13,0.08,0.05,310000,5700,3.6,33500,430000,7.9,False
Redbridge,2023-09,2023-09-01,2023,9,3,autumn,-1.0,-1.8369701987210294e-16,2584,8.34,2655.0,2785.0,,2686.0,2600.8333333333335,23.8,0.13,0.08,0.05,310000,5700,3.6,33500,430000,7.9,False
Redbridge,2023-10,2023-10-01,2023,10,4,autumn,-0.8660254037844386,0.5000000000000001,2510,8.1,2584.0,2618.0,,2619.0,2616.1666666666665,23.8,0.13,0.08,0.05,310000,5700,3.6,33500,430000,7.9,False
Redbridge,2023-11,2023-11-01,2023,11,4,autumn,-0.5000000000000004,0.8660254037844384,2392,7.72,2510.0,2655.0,,2583.0,2627.0,23.8,0.13,0.08,0.05,310000,5700,3.6,33500,430000,7.9,False
Redbridge,2023-12,2023-12-01,2023,12,4,winter,-2.4492935982947064e-16,1.0,2291,7.39,2392.0,2584.0,,2495.3333333333335,2590.6666666666665,23.8,0.13,0.08,0.05,310000,5700,3.6,33500,430000,7.9,False
Redbridge,2024-01,2024-01-01,2024,1,1,winter,0.4999999999999999,0.8660254037844387,2459,7.93,2291.0,2510.0,,2397.6666666666665,2508.3333333333335,23.8,0.13,0.08,0.05,310000,5700,3.6,33500,430000,7.9,False
Redbridge,2024-02,2024-02-01,2024,2,1,winter,0.8660254037844386,0.5000000000000001,2351,7.58,2459.0,2392.0,,2380.6666666666665,2481.8333333333335,23.8,0.13,0.08,0.05,310000,5700,3.6,33500,430000,7.9,False
Redbridge,2024-03,2024-03-01,2024,3,1,spring,1.0,6.123233995736766e-17,2502,8.07,2351.0,2291.0,2492.0,2367.0,2431.1666666666665,23.8,0.13,0.08,0.05,310000,5700,3.6,33500,430000,7.9,False
Redbridge,2024-04,2024-04-01,2024,4,2,spring,0.8660254037844387,-0.4999999999999998,2312,7.46,2502.0,2459.0,2445.0,2437.3333333333335,2417.5,23.8,0.13,0.08,0.05,310000,5700,3.6,33500,430000,7.9,False
Redbridge,2024-05,2024-05-01,2024,5,2,spring,0.4999999999999999,-0.8660254037844387,2603,8.4,2312.0,2351.0,2610.0,2388.3333333333335,2384.5,23.8,0.13,0.08,0.05,310000,5700,3.6,33500,430000,7.9,False
Redbridge,2024-06,2024-06-01,2024,6,2,summer,1.2246467991473532e-16,-1.0,2626,8.47,2603.0,2502.0,2785.0,2472.3333333333335,2419.6666666666665,23.8,0.13,0.08,0.05,310000,5700,3.6,33500,430000,7.9,False
Redbridge,2024-07,2024-07-01,2024,7,3,summer,-0.4999999999999998,-0.8660254037844388,2715,8.76,2626.0,2312.0,2618.0,2513.6666666666665,2475.5,23.8,0.13,0.08,0.05,310000,5700,3.6,33500,430000,7.9,False
Redbridge,2024-08,2024-08-01,2024,8,3,summer,-0.8660254037844384,-0.5000000000000004,2480,8.0,2715.0,2603.0,2655.0,2648.0,2518.1666666666665,23.8,0.13,0.08,0.05,310000,5700,3.6,33500,430000,7.9,False
Redbridge,2024-09,2024-09-01,2024,9,3,autumn,-1.0,-1.8369701987210294e-16,2408,7.77,2480.0,2626.0,2584.0,2607.0,2539.6666666666665,23.8,0.13,0.08,0.05,310000,5700,3.6,33500,430000,7.9,False
Redbridge,2024-10,2024-10-01,2024,10,4,autumn,-0.8660254037844386,0.5000000000000001,2670,8.61,2408.0,2715.0,2510.0,2534.3333333333335,2524.0,23.8,0.13,0.08,0.05,310000,5700,3.6,33500,430000,7.9,False
Redbridge,2024-11,2024-11-01,2024,11,4,autumn,-0.5000000000000004,0.8660254037844384,2508,8.09,2670.0,2480.0,2392.0,2519.3333333333335,2583.6666666666665,23.8,0.13,0.08,0.05,310000,5700,3.6,33500,430000,7.9,False
Redbridge,2024-12,2024-12-01,2024,12,4,winter,-2.4492935982947064e-16,1.0,2279,7.35,2508.0,2408.0,2291.0,2528.6666666666665,2567.8333333333335,23.8,0.13,0.08,0.05,310000,5700,3.6,33500,430000,7.9,False
Redbridge,2025-01,2025-01-01,2025,1,1,winter,0.4999999999999999,0.8660254037844387,2346,7.57,2279.0,2670.0,2459.0,2485.6666666666665,2510.0,23.8,0.13,0.08,0.05,310000,5700,3.6,33500,430000,7.9,False
Redbridge,2025-02,2025-02-01,2025,2,1,winter,0.8660254037844386,0.5000000000000001,2177,7.02,2346.0,2508.0,2351.0,2377.6666666666665,2448.5,23.8,0.13,0.08,0.05,310000,5700,3.6,33500,430000,7.9,False
Redbridge,2025-03,2025-03-01,2025,3,1,spring,1.0,6.123233995736766e-17,2422,7.81,2177.0,2279.0,2502.0,2267.3333333333335,2398.0,23.8,0.13,0.08,0.05,310000,5700,3.6,33500,430000,7.9,False
Redbridge,2025-04,2025-04-01,2025,4,2,spring,0.8660254037844387,-0.4999999999999998,2495,8.05,2422.0,2346.0,2312.0,2315.0,2400.3333333333335,23.8,0.13,0.08,0.05,310000,5700,3.6,33500,430000,7.9,False
Redbridge,2025-05,2025-05-01,2025,5,2,spring,0.4999999999999999,-0.8660254037844387,2622,8.46,2495.0,2177.0,2603.0,2364.6666666666665,2371.1666666666665,23.8,0.13,0.08,0.05,310000,5700,3.6,33500,430000,7.9,False
Redbridge,2025-06,2025-06-01,2025,6,2,summer,1.2246467991473532e-16,-1.0,2602,8.39,2622.0,2422.0,2626.0,2513.0,2390.1666666666665,23.8,0.13,0.08,0.05,310000,5700,3.6,33500,430000,7.9,False
Redbridge,2025-07,2025-07-01,2025,7,3,summer,-0.4999999999999998,-0.8660254037844388,2761,8.91,2602.0,2495.0,2715.0,2573.0,2444.0,23.8,0.13,0.08,0.05,310000,5700,3.6,33500,430000,7.9,False
Redbridge,2025-08,2025-08-01,2025,8,3,summer,-0.8660254037844384,-0.5000000000000004,2615,8.44,2761.0,2622.0,2480.0,2661.6666666666665,2513.1666666666665,23.8,0.13,0.08,0.05,310000,5700,3.6,33500,430000,7.9,False
Redbridge,2025-09,2025-09-01,2025,9,3,autumn,-1.0,-1.8369701987210294e-16,2586,8.34,2615.0,2602.0,2408.0,2659.3333333333335,2586.1666666666665,23.8,0.13,0.08,0.05,310000,5700,3.6,33500,430000,7.9,False
Redbridge,2025-10,2025-10-01,2025,10,4,autumn,-0.8660254037844386,0.5000000000000001,2749,8.87,2586.0,2761.0,2670.0,2654.0,2613.5,23.8,0.13,0.08,0.05,310000,5700,3.6,33500,430000,7.9,False
Redbridge,2025-11,2025-11-01,2025,11,4,autumn,-0.5000000000000004,0.8660254037844384,2496,8.05,2749.0,2615.0,2508.0,2650.0,2655.8333333333335,23.8,0.13,0.08,0.05,310000,5700,3.6,33500,430000,7.9,False
Redbridge,2025-12,2025-12-01,2025,12,4,winter,-2.4492935982947064e-16,1.0,2536,8.18,2496.0,2586.0,2279.0,2610.3333333333335,2634.8333333333335,23.8,0.13,0.08,0.05,310000,5700,3.6,33500,430000,7.9,False
Redbridge,2026-01,2026-01-01,2026,1,1,winter,0.4999999999999999,0.8660254037844387,2453,7.91,2536.0,2749.0,2346.0,2593.6666666666665,2623.8333333333335,23.8,0.13,0.08,0.05,310000,5700,3.6,33500,430000,7.9,False
Redbridge,2026-02,2026-02-01,2026,2,1,winter,0.8660254037844386,0.5000000000000001,2288,7.38,2453.0,2496.0,2177.0,2495.0,2572.5,23.8,0.13,0.08,0.05,310000,5700,3.6,33500,430000,7.9,False
Richmond upon Thames,2023-03,2023-03-01,2023,3,1,spring,1.0,6.123233995736766e-17,1264,6.42,,,,2494.5,2564.0,9.8,0.05,0.03,-0.72,197000,3600,1.8,42000,670000,2.9,False
Richmond upon Thames,2023-04,2023-04-01,2023,4,2,spring,0.8660254037844387,-0.4999999999999998,1166,5.92,1264.0,,,1858.5,2299.6,9.8,0.05,0.03,-0.72,197000,3600,1.8,42000,670000,2.9,False
Richmond upon Thames,2023-05,2023-05-01,2023,5,2,spring,0.4999999999999999,-0.8660254037844387,1354,6.87,1166.0,,,1215.0,1983.0,9.8,0.05,0.03,-0.72,197000,3600,1.8,42000,670000,2.9,False
Richmond upon Thames,2023-06,2023-06-01,2023,6,2,summer,1.2246467991473532e-16,-1.0,1367,6.94,1354.0,1264.0,,1261.3333333333333,1754.6,9.8,0.05,0.03,-0.72,197000,3600,1.8,42000,670000,2.9,False
Richmond upon Thames,2023-07,2023-07-01,2023,7,3,summer,-0.4999999999999998,-0.8660254037844388,1346,6.83,1367.0,1166.0,,1295.6666666666667,1520.8,9.8,0.05,0.03,-0.72,197000,3600,1.8,42000,670000,2.9,False
Richmond upon Thames,2023-08,2023-08-01,2023,8,3,summer,-0.8660254037844384,-0.5000000000000004,1340,6.8,1346.0,1354.0,,1355.6666666666667,1299.4,9.8,0.05,0.03,-0.72,197000,3600,1.8,42000,670000,2.9,False
Richmond upon Thames,2023-09,2023-09-01,2023,9,3,autumn,-1.0,-1.8369701987210294e-16,1360,6.9,1340.0,1367.0,,1351.0,1306.1666666666667,9.8,0.05,0.03,-0.72,197000,3600,1.8,42000,670000,2.9,False
Richmond upon Thames,2023-10,2023-10-01,2023,10,4,autumn,-0.8660254037844386,0.5000000000000001,1236,6.27,1360.0,1346.0,,1348.6666666666667,1322.1666666666667,9.8,0.05,0.03,-0.72,197000,3600,1.8,42000,670000,2.9,False
Richmond upon Thames,2023-11,2023-11-01,2023,11,4,autumn,-0.5000000000000004,0.8660254037844384,1204,6.11,1236.0,1340.0,,1312.0,1333.8333333333333,9.8,0.05,0.03,-0.72,197000,3600,1.8,42000,670000,2.9,False
Richmond upon Thames,2023-12,2023-12-01,2023,12,4,winter,-2.4492935982947064e-16,1.0,1105,5.61,1204.0,1360.0,,1266.6666666666667,1308.8333333333333,9.8,0.05,0.03,-0.72,197000,3600,1.8,42000,670000,2.9,False
Richmond upon Thames,2024-01,2024-01-01,2024,1,1,winter,0.4999999999999999,0.8660254037844387,1122,5.7,1105.0,1236.0,,1181.6666666666667,1265.1666666666667,9.8,0.05,0.03,-0.72,197000,3600,1.8,42000,670000,2.9,False
Richmond upon Thames,2024-02,2024-02-01,2024,2,1,winter,0.8660254037844386,0.5000000000000001,1182,6.0,1122.0,1204.0,,1143.6666666666667,1227.8333333333333,9.8,0.05,0.03,-0.72,197000,3600,1.8,42000,670000,2.9,False
Richmond upon Thames,2024-03,2024-03-01,2024,3,1,spring,1.0,6.123233995736766e-17,1138,5.78,1182.0,1105.0,1264.0,1136.3333333333333,1201.5,9.8,0.05,0.03,-0.72,197000,3600,1.8,42000,670000,2.9,False
Richmond upon Thames,2024-04,2024-04-01,2024,4,2,spring,0.8660254037844387,-0.4999999999999998,1120,5.69,1138.0,1122.0,1166.0,1147.3333333333333,1164.5,9.8,0.05,0.03,-0.72,197000,3600,1.8,42000,670000,2.9,False
Richmond upon Thames,2024-05,2024-05-01,2024,5,2,spring,0.4999999999999999,-0.8660254037844387,1310,6.65,1120.0,1182.0,1354.0,1146.6666666666667,1145.1666666666667,9.8,0.05,0.03,-0.72,197000,3600,1.8,42000,670000,2.9,False
Richmond upon Thames,2024-06,2024-06-01,2024,6,2,summer,1.2246467991473532e-16,-1.0,1407,7.14,1310.0,1138.0,1367.0,1189.3333333333333,1162.8333333333333,9.8,0.05,0.03,-0.72,197000,3600,1.8,42000,670000,2.9,False
Richmond upon Thames,2024-07,2024-07-01,2024,7,3,summer,-0.4999999999999998,-0.8660254037844388,1361,6.91,1407.0,1120.0,1346.0,1279.0,1213.1666666666667,9.8,0.05,0.03,-0.72,197000,3600,1.8,42000,670000,2.9,False
Richmond upon Thames,2024-08,2024-08-01,2024,8,3,summer,-0.8660254037844384,-0.5000000000000004,1351,6.86,1361.0,1310.0,1340.0,1359.3333333333333,1253.0,9.8,0.05,0.03,-0.72,197000,3600,1.8,42000,670000,2.9,False
Richmond upon Thames,2024-09,2024-09-01,2024,9,3,autumn,-1.0,-1.8369701987210294e-16,1186,6.02,1351.0,1407.0,1360.0,1373.0,1281.1666666666667,9.8,0.05,0.03,-0.72,197000,3600,1.8,42000,670000,2.9,False
Richmond upon Thames,2024-10,2024-10-01,2024,10,4,autumn,-0.8660254037844386,0.5000000000000001,1287,6.53,1186.0,1361.0,1236.0,1299.3333333333333,1289.1666666666667,9.8,0.05,0.03,-0.72,197000,3600,1.8,42000,670000,2.9,False
Richmond upon Thames,2024-11,2024-11-01,2024,11,4,autumn,-0.5000000000000004,0.8660254037844384,1346,6.83,1287.0,1351.0,1204.0,1274.6666666666667,1317.0,9.8,0.05,0.03,-0.72,197000,3600,1.8,42000,670000,2.9,False
Richmond upon Thames,2024-12,2024-12-01,2024,12,4,winter,-2.4492935982947064e-16,1.0,1132,5.75,1346.0,1186.0,1105.0,1273.0,1323.0,9.8,0.05,0.03,-0.72,197000,3600,1.8,42000,670000,2.9,False
Richmond upon Thames,2025-01,2025-01-01,2025,1,1,winter,0.4999999999999999,0.8660254037844387,1069,5.43,1132.0,1287.0,1122.0,1255.0,1277.1666666666667,9.8,0.05,0.03,-0.72,197000,3600,1.8,42000,670000,2.9,False
Richmond upon Thames,2025-02,2025-02-01,2025,2,1,winter,0.8660254037844386,0.5000000000000001,986,5.01,1069.0,1346.0,1182.0,1182.3333333333333,1228.5,9.8,0.05,0.03,-0.72,197000,3600,1.8,42000,670000,2.9,False
Richmond upon Thames,2025-03,2025-03-01,2025,3,1,spring,1.0,6.123233995736766e-17,1232,6.25,986.0,1132.0,1138.0,1062.3333333333333,1167.6666666666667,9.8,0.05,0.03,-0.72,197000,3600,1.8,42000,670000,2.9,False
Richmond upon Thames,2025-04,2025-04-01,2025,4,2,spring,0.8660254037844387,-0.4999999999999998,1225,6.22,1232.0,1069.0,1120.0,1095.6666666666667,1175.3333333333333,9.8,0.05,0.03,-0.72,197000,3600,1.8,42000,670000,2.9,False
Richmond upon Thames,2025-05,2025-05-01,2025,5,2,spring,0.4999999999999999,-0.8660254037844387,1423,7.22,1225.0,986.0,1310.0,1147.6666666666667,1165.0,9.8,0.05,0.03,-0.72,197000,3600,1.8,42000,670000,2.9,False
Richmond upon Thames,2025-06,2025-06-01,2025,6,2,summer,1.2246467991473532e-16,-1.0,1328,6.74,1423.0,1232.0,1407.0,1293.3333333333333,1177.8333333333333,9.8,0.05,0.03,-0.72,197000,3600,1.8,42000,670000,2.9,False
Richmond upon Thames,2025-07,2025-07-01,2025,7,3,summer,-0.4999999999999998,-0.8660254037844388,1328,6.74,1328.0,1225.0,1361.0,1325.3333333333333,1210.5,9.8,0.05,0.03,-0.72,197000,3600,1.8,42000,670000,2.9,False
Richmond upon Thames,2025-08,2025-08-01,2025,8,3,summer,-0.8660254037844384,-0.5000000000000004,1167,5.92,1328.0,1423.0,1351.0,1359.6666666666667,1253.6666666666667,9.8,0.05,0.03,-0.72,197000,3600,1.8,42000,670000,2.9,False
Richmond upon Thames,2025-09,2025-09-01,2025,9,3,autumn,-1.0,-1.8369701987210294e-16,1126,5.72,1167.0,1328.0,1186.0,1274.3333333333333,1283.8333333333333,9.8,0.05,0.03,-0.72,197000,3600,1.8,42000,670000,2.9,False
Richmond upon Thames,2025-10,2025-10-01,2025,10,4,autumn,-0.8660254037844386,0.5000000000000001,1256,6.38,1126.0,1328.0,1287.0,1207.0,1266.1666666666667,9.8,0.05,0.03,-0.72,197000,3600,1.8,42000,670000,2.9,False
Richmond upon Thames,2025-11,2025-11-01,2025,11,4,autumn,-0.5000000000000004,0.8660254037844384,1123,5.7,1256.0,1167.0,1346.0,1183.0,1271.3333333333333,9.8,0.05,0.03,-0.72,197000,3600,1.8,42000,670000,2.9,False
Richmond upon Thames,2025-12,2025-12-01,2025,12,4,winter,-2.4492935982947064e-16,1.0,1077,5.47,1123.0,1126.0,1132.0,1168.3333333333333,1221.3333333333333,9.8,0.05,0.03,-0.72,197000,3600,1.8,42000,670000,2.9,False
Richmond upon Thames,2026-01,2026-01-01,2026,1,1,winter,0.4999999999999999,0.8660254037844387,1120,5.69,1077.0,1256.0,1069.0,1152.0,1179.5,9.8,0.05,0.03,-0.72,197000,3600,1.8,42000,670000,2.9,False
Richmond upon Thames,2026-02,2026-02-01,2026,2,1,winter,0.8660254037844386,0.5000000000000001,1064,5.4,1120.0,1123.0,986.0,1106.6666666666667,1144.8333333333333,9.8,0.05,0.03,-0.72,197000,3600,1.8,42000,670000,2.9,False
Southwark,2023-03,2023-03-01,2023,3,1,spring,1.0,6.123233995736766e-17,3480,10.94,,,,1098.5,1140.4,31.8,0.18,0.11,0.66,318000,9200,4.5,36500,530000,7.5,False
Southwark,2023-04,2023-04-01,2023,4,2,spring,0.8660254037844387,-0.4999999999999998,3420,10.75,3480.0,,,2300.0,1611.2,31.8,0.18,0.11,0.66,318000,9200,4.5,36500,530000,7.5,False
Southwark,2023-05,2023-05-01,2023,5,2,spring,0.4999999999999999,-0.8660254037844387,4051,12.74,3420.0,,,3450.0,2044.0,31.8,0.18,0.11,0.66,318000,9200,4.5,36500,530000,7.5,False
Southwark,2023-06,2023-06-01,2023,6,2,summer,1.2246467991473532e-16,-1.0,4422,13.91,4051.0,3480.0,,3650.3333333333335,2629.6,31.8,0.18,0.11,0.66,318000,9200,4.5,36500,530000,7.5,False
Southwark,2023-07,2023-07-01,2023,7,3,summer,-0.4999999999999998,-0.8660254037844388,4090,12.86,4422.0,3420.0,,3964.3333333333335,3298.6,31.8,0.18,0.11,0.66,318000,9200,4.5,36500,530000,7.5,False
Southwark,2023-08,2023-08-01,2023,8,3,summer,-0.8660254037844384,-0.5000000000000004,3863,12.15,4090.0,4051.0,,4187.666666666667,3892.6,31.8,0.18,0.11,0.66,318000,9200,4.5,36500,530000,7.5,False
Southwark,2023-09,2023-09-01,2023,9,3,autumn,-1.0,-1.8369701987210294e-16,4129,12.98,3863.0,4422.0,,4125.0,3887.6666666666665,31.8,0.18,0.11,0.66,318000,9200,4.5,36500,530000,7.5,False
Southwark,2023-10,2023-10-01,2023,10,4,autumn,-0.8660254037844386,0.5000000000000001,3848,12.1,4129.0,4090.0,,4027.3333333333335,3995.8333333333335,31.8,0.18,0.11,0.66,318000,9200,4.5,36500,530000,7.5,False
Southwark,2023-11,2023-11-01,2023,11,4,autumn,-0.5000000000000004,0.8660254037844384,3873,12.18,3848.0,3863.0,,3946.6666666666665,4067.1666666666665,31.8,0.18,0.11,0.66,318000,9200,4.5,36500,530000,7.5,False
Southwark,2023-12,2023-12-01,2023,12,4,winter,-2.4492935982947064e-16,1.0,3795,11.93,3873.0,4129.0,,3950.0,4037.5,31.8,0.18,0.11,0.66,318000,9200,4.5,36500,530000,7.5,False
Southwark,2024-01,2024-01-01,2024,1,1,winter,0.4999999999999999,0.8660254037844387,3827,12.03,3795.0,3848.0,,3838.6666666666665,3933.0,31.8,0.18,0.11,0.66,318000,9200,4.5,36500,530000,7.5,False
Southwark,2024-02,2024-02-01,2024,2,1,winter,0.8660254037844386,0.5000000000000001,3689,11.6,3827.0,3873.0,,3831.6666666666665,3889.1666666666665,31.8,0.18,0.11,0.66,318000,9200,4.5,36500,530000,7.5,False
Southwark,2024-03,2024-03-01,2024,3,1,spring,1.0,6.123233995736766e-17,3775,11.87,3689.0,3795.0,3480.0,3770.3333333333335,3860.1666666666665,31.8,0.18,0.11,0.66,318000,9200,4.5,36500,530000,7.5,False
Southwark,2024-04,2024-04-01,2024,4,2,spring,0.8660254037844387,-0.4999999999999998,3793,11.93,3775.0,3827.0,3420.0,3763.6666666666665,3801.1666666666665,31.8,0.18,0.11,0.66,318000,9200,4.5,36500,530000,7.5,False
Southwark,2024-05,2024-05-01,2024,5,2,spring,0.4999999999999999,-0.8660254037844387,4099,12.89,3793.0,3689.0,4051.0,3752.3333333333335,3792.0,31.8,0.18,0.11,0.66,318000,9200,4.5,36500,530000,7.5,False
Southwark,2024-06,2024-06-01,2024,6,2,summer,1.2246467991473532e-16,-1.0,3967,12.47,4099.0,3775.0,4422.0,3889.0,3829.6666666666665,31.8,0.18,0.11,0.66,318000,9200,4.5,36500,530000,7.5,False
Southwark,2024-07,2024-07-01,2024,7,3,summer,-0.4999999999999998,-0.8660254037844388,4107,12.92,3967.0,3793.0,4090.0,3953.0,3858.3333333333335,31.8,0.18,0.11,0.66,318000,9200,4.5,36500,530000,7.5,False
Southwark,2024-08,2024-08-01,2024,8,3,summer,-0.8660254037844384,-0.5000000000000004,4270,13.43,4107.0,4099.0,3863.0,4057.6666666666665,3905.0,31.8,0.18,0.11,0.66,318000,9200,4.5,36500,530000,7.5,False
Southwark,2024-09,2024-09-01,2024,9,3,autumn,-1.0,-1.8369701987210294e-16,4379,13.77,4270.0,3967.0,4129.0,4114.666666666667,4001.8333333333335,31.8,0.18,0.11,0.66,318000,9200,4.5,36500,530000,7.5,False
Southwark,2024-10,2024-10-01,2024,10,4,autumn,-0.8660254037844386,0.5000000000000001,4737,14.9,4379.0,4107.0,3848.0,4252.0,4102.5,31.8,0.18,0.11,0.66,318000,9200,4.5,36500,530000,7.5,False
Southwark,2024-11,2024-11-01,2024,11,4,autumn,-0.5000000000000004,0.8660254037844384,4269,13.42,4737.0,4270.0,3873.0,4462.0,4259.833333333333,31.8,0.18,0.11,0.66,318000,9200,4.5,36500,530000,7.5,False
Southwark,2024-12,2024-12-01,2024,12,4,winter,-2.4492935982947064e-16,1.0,4048,12.73,4269.0,4379.0,3795.0,4461.666666666667,4288.166666666667,31.8,0.18,0.11,0.66,318000,9200,4.5,36500,530000,7.5,False
Southwark,2025-01,2025-01-01,2025,1,1,winter,0.4999999999999999,0.8660254037844387,3673,11.55,4048.0,4737.0,3827.0,4351.333333333333,4301.666666666667,31.8,0.18,0.11,0.66,318000,9200,4.5,36500,530000,7.5,False
Southwark,2025-02,2025-02-01,2025,2,1,winter,0.8660254037844386,0.5000000000000001,3541,11.14,3673.0,4269.0,3689.0,3996.6666666666665,4229.333333333333,31.8,0.18,0.11,0.66,318000,9200,4.5,36500,530000,7.5,False
Southwark,2025-03,2025-03-01,2025,3,1,spring,1.0,6.123233995736766e-17,4169,13.11,3541.0,4048.0,3775.0,3754.0,4107.833333333333,31.8,0.18,0.11,0.66,318000,9200,4.5,36500,530000,7.5,False
Southwark,2025-04,2025-04-01,2025,4,2,spring,0.8660254037844387,-0.4999999999999998,3940,12.39,4169.0,3673.0,3793.0,3794.3333333333335,4072.8333333333335,31.8,0.18,0.11,0.66,318000,9200,4.5,36500,530000,7.5,False
Southwark,2025-05,2025-05-01,2025,5,2,spring,0.4999999999999999,-0.8660254037844387,4360,13.71,3940.0,3541.0,4099.0,3883.3333333333335,3940.0,31.8,0.18,0.11,0.66,318000,9200,4.5,36500,530000,7.5,False
Southwark,2025-06,2025-06-01,2025,6,2,summer,1.2246467991473532e-16,-1.0,4444,13.97,4360.0,4169.0,3967.0,4156.333333333333,3955.1666666666665,31.8,0.18,0.11,0.66,318000,9200,4.5,36500,530000,7.5,False
Southwark,2025-07,2025-07-01,2025,7,3,summer,-0.4999999999999998,-0.8660254037844388,4397,13.83,4444.0,3940.0,4107.0,4248.0,4021.1666666666665,31.8,0.18,0.11,0.66,318000,9200,4.5,36500,530000,7.5,False
Southwark,2025-08,2025-08-01,2025,8,3,summer,-0.8660254037844384,-0.5000000000000004,4209,13.24,4397.0,4360.0,4270.0,4400.333333333333,4141.833333333333,31.8,0.18,0.11,0.66,318000,9200,4.5,36500,530000,7.5,False
Southwark,2025-09,2025-09-01,2025,9,3,autumn,-1.0,-1.8369701987210294e-16,4009,12.61,4209.0,4444.0,4379.0,4350.0,4253.166666666667,31.8,0.18,0.11,0.66,318000,9200,4.5,36500,530000,7.5,False
Southwark,2025-10,2025-10-01,2025,10,4,autumn,-0.8660254037844386,0.5000000000000001,4220,13.27,4009.0,4397.0,4737.0,4205.0,4226.5,31.8,0.18,0.11,0.66,318000,9200,4.5,36500,530000,7.5,False
Southwark,2025-11,2025-11-01,2025,11,4,autumn,-0.5000000000000004,0.8660254037844384,4035,12.69,4220.0,4209.0,4269.0,4146.0,4273.166666666667,31.8,0.18,0.11,0.66,318000,9200,4.5,36500,530000,7.5,False
Southwark,2025-12,2025-12-01,2025,12,4,winter,-2.4492935982947064e-16,1.0,3865,12.15,4035.0,4009.0,4048.0,4088.0,4219.0,31.8,0.18,0.11,0.66,318000,9200,4.5,36500,530000,7.5,False
Southwark,2026-01,2026-01-01,2026,1,1,winter,0.4999999999999999,0.8660254037844387,3654,11.49,3865.0,4220.0,3673.0,4040.0,4122.5,31.8,0.18,0.11,0.66,318000,9200,4.5,36500,530000,7.5,False
Southwark,2026-02,2026-02-01,2026,2,1,winter,0.8660254037844386,0.5000000000000001,3736,11.75,3654.0,4035.0,3541.0,3851.3333333333335,3998.6666666666665,31.8,0.18,0.11,0.66,318000,9200,4.5,36500,530000,7.5,False
Sutton,2023-03,2023-03-01,2023,3,1,spring,1.0,6.123233995736766e-17,1270,6.05,,,,3759.5,3956.6,13.7,0.07,0.05,-0.39,210000,3600,2.3,36000,430000,3.7,False
Sutton,2023-04,2023-04-01,2023,4,2,spring,0.8660254037844387,-0.4999999999999998,1264,6.02,1270.0,,,2462.0,3408.8,13.7,0.07,0.05,-0.39,210000,3600,2.3,36000,430000,3.7,False
Sutton,2023-05,2023-05-01,2023,5,2,spring,0.4999999999999999,-0.8660254037844387,1359,6.47,1264.0,,,1267.0,2817.6,13.7,0.07,0.05,-0.39,210000,3600,2.3,36000,430000,3.7,False
Sutton,2023-06,2023-06-01,2023,6,2,summer,1.2246467991473532e-16,-1.0,1620,7.71,1359.0,1270.0,,1297.6666666666667,2282.4,13.7,0.07,0.05,-0.39,210000,3600,2.3,36000,430000,3.7,False
Sutton,2023-07,2023-07-01,2023,7,3,summer,-0.4999999999999998,-0.8660254037844388,1480,7.05,1620.0,1264.0,,1414.3333333333333,1833.4,13.7,0.07,0.05,-0.39,210000,3600,2.3,36000,430000,3.7,False
Sutton,2023-08,2023-08-01,2023,8,3,summer,-0.8660254037844384,-0.5000000000000004,1311,6.24,1480.0,1359.0,,1486.3333333333333,1398.6,13.7,0.07,0.05,-0.39,210000,3600,2.3,36000,430000,3.7,False
Sutton,2023-09,2023-09-01,2023,9,3,autumn,-1.0,-1.8369701987210294e-16,1354,6.45,1311.0,1620.0,,1470.3333333333333,1384.0,13.7,0.07,0.05,-0.39,210000,3600,2.3,36000,430000,3.7,False
Sutton,2023-10,2023-10-01,2023,10,4,autumn,-0.8660254037844386,0.5000000000000001,1387,6.6,1354.0,1480.0,,1381.6666666666667,1398.0,13.7,0.07,0.05,-0.39,210000,3600,2.3,36000,430000,3.7,False
Sutton,2023-11,2023-11-01,2023,11,4,autumn,-0.5000000000000004,0.8660254037844384,1315,6.26,1387.0,1311.0,,1350.6666666666667,1418.5,13.7,0.07,0.05,-0.39,210000,3600,2.3,36000,430000,3.7,False
Sutton,2023-12,2023-12-01,2023,12,4,winter,-2.4492935982947064e-16,1.0,1336,6.36,1315.0,1354.0,,1352.0,1411.1666666666667,13.7,0.07,0.05,-0.39,210000,3600,2.3,36000,430000,3.7,False
Sutton,2024-01,2024-01-01,2024,1,1,winter,0.4999999999999999,0.8660254037844387,1432,6.82,1336.0,1387.0,,1346.0,1363.8333333333333,13.7,0.07,0.05,-0.39,210000,3600,2.3,36000,430000,3.7,False
Sutton,2024-02,2024-02-01,2024,2,1,winter,0.8660254037844386,0.5000000000000001,1224,5.83,1432.0,1315.0,,1361.0,1355.8333333333333,13.7,0.07,0.05,-0.39,210000,3600,2.3,36000,430000,3.7,False
Sutton,2024-03,2024-03-01,2024,3,1,spring,1.0,6.123233995736766e-17,1286,6.12,1224.0,1336.0,1270.0,1330.6666666666667,1341.3333333333333,13.7,0.07,0.05,-0.39,210000,3600,2.3,36000,430000,3.7,False
Sutton,2024-04,2024-04-01,2024,4,2,spring,0.8660254037844387,-0.4999999999999998,1180,5.62,1286.0,1432.0,1264.0,1314.0,1330.0,13.7,0.07,0.05,-0.39,210000,3600,2.3,36000,430000,3.7,False
Sutton,2024-05,2024-05-01,2024,5,2,spring,0.4999999999999999,-0.8660254037844387,1501,7.15,1180.0,1224.0,1359.0,1230.0,1295.5,13.7,0.07,0.05,-0.39,210000,3600,2.3,36000,430000,3.7,False
Sutton,2024-06,2024-06-01,2024,6,2,summer,1.2246467991473532e-16,-1.0,1352,6.44,1501.0,1286.0,1620.0,1322.3333333333333,1326.5,13.7,0.07,0.05,-0.39,210000,3600,2.3,36000,430000,3.7,False
Sutton,2024-07,2024-07-01,2024,7,3,summer,-0.4999999999999998,-0.8660254037844388,1548,7.37,1352.0,1180.0,1480.0,1344.3333333333333,1329.1666666666667,13.7,0.07,0.05,-0.39,210000,3600,2.3,36000,430000,3.7,False
Sutton,2024-08,2024-08-01,2024,8,3,summer,-0.8660254037844384,-0.5000000000000004,1373,6.54,1548.0,1501.0,1311.0,1467.0,1348.5,13.7,0.07,0.05,-0.39,210000,3600,2.3,36000,430000,3.7,False
Sutton,2024-09,2024-09-01,2024,9,3,autumn,-1.0,-1.8369701987210294e-16,1319,6.28,1373.0,1352.0,1354.0,1424.3333333333333,1373.3333333333333,13.7,0.07,0.05,-0.39,210000,3600,2.3,36000,430000,3.7,False
Sutton,2024-10,2024-10-01,2024,10,4,autumn,-0.8660254037844386,0.5000000000000001,1480,7.05,1319.0,1548.0,1387.0,1413.3333333333333,1378.8333333333333,13.7,0.07,0.05,-0.39,210000,3600,2.3,36000,430000,3.7,False
Sutton,2024-11,2024-11-01,2024,11,4,autumn,-0.5000000000000004,0.8660254037844384,1296,6.17,1480.0,1373.0,1315.0,1390.6666666666667,1428.8333333333333,13.7,0.07,0.05,-0.39,210000,3600,2.3,36000,430000,3.7,False
Sutton,2024-12,2024-12-01,2024,12,4,winter,-2.4492935982947064e-16,1.0,1233,5.87,1296.0,1319.0,1336.0,1365.0,1394.6666666666667,13.7,0.07,0.05,-0.39,210000,3600,2.3,36000,430000,3.7,False
Sutton,2025-01,2025-01-01,2025,1,1,winter,0.4999999999999999,0.8660254037844387,1181,5.62,1233.0,1480.0,1432.0,1336.3333333333333,1374.8333333333333,13.7,0.07,0.05,-0.39,210000,3600,2.3,36000,430000,3.7,False
Sutton,2025-02,2025-02-01,2025,2,1,winter,0.8660254037844386,0.5000000000000001,1131,5.39,1181.0,1296.0,1224.0,1236.6666666666667,1313.6666666666667,13.7,0.07,0.05,-0.39,210000,3600,2.3,36000,430000,3.7,False
Sutton,2025-03,2025-03-01,2025,3,1,spring,1.0,6.123233995736766e-17,1387,6.6,1131.0,1233.0,1286.0,1181.6666666666667,1273.3333333333333,13.7,0.07,0.05,-0.39,210000,3600,2.3,36000,430000,3.7,False
Sutton,2025-04,2025-04-01,2025,4,2,spring,0.8660254037844387,-0.4999999999999998,1396,6.65,1387.0,1181.0,1180.0,1233.0,1284.6666666666667,13.7,0.07,0.05,-0.39,210000,3600,2.3,36000,430000,3.7,False
Sutton,2025-05,2025-05-01,2025,5,2,spring,0.4999999999999999,-0.8660254037844387,1444,6.88,1396.0,1131.0,1501.0,1304.6666666666667,1270.6666666666667,13.7,0.07,0.05,-0.39,210000,3600,2.3,36000,430000,3.7,False
Sutton,2025-06,2025-06-01,2025,6,2,summer,1.2246467991473532e-16,-1.0,1396,6.65,1444.0,1387.0,1352.0,1409.0,1295.3333333333333,13.7,0.07,0.05,-0.39,210000,3600,2.3,36000,430000,3.7,False
Sutton,2025-07,2025-07-01,2025,7,3,summer,-0.4999999999999998,-0.8660254037844388,1548,7.37,1396.0,1396.0,1548.0,1412.0,1322.5,13.7,0.07,0.05,-0.39,210000,3600,2.3,36000,430000,3.7,False
Sutton,2025-08,2025-08-01,2025,8,3,summer,-0.8660254037844384,-0.5000000000000004,1352,6.44,1548.0,1444.0,1373.0,1462.6666666666667,1383.6666666666667,13.7,0.07,0.05,-0.39,210000,3600,2.3,36000,430000,3.7,False
Sutton,2025-09,2025-09-01,2025,9,3,autumn,-1.0,-1.8369701987210294e-16,1421,6.77,1352.0,1396.0,1319.0,1432.0,1420.5,13.7,0.07,0.05,-0.39,210000,3600,2.3,36000,430000,3.7,False
Sutton,2025-10,2025-10-01,2025,10,4,autumn,-0.8660254037844386,0.5000000000000001,1435,6.83,1421.0,1548.0,1480.0,1440.3333333333333,1426.1666666666667,13.7,0.07,0.05,-0.39,210000,3600,2.3,36000,430000,3.7,False
Sutton,2025-11,2025-11-01,2025,11,4,autumn,-0.5000000000000004,0.8660254037844384,1405,6.69,1435.0,1352.0,1296.0,1402.6666666666667,1432.6666666666667,13.7,0.07,0.05,-0.39,210000,3600,2.3,36000,430000,3.7,False
Sutton,2025-12,2025-12-01,2025,12,4,winter,-2.4492935982947064e-16,1.0,1277,6.08,1405.0,1421.0,1233.0,1420.3333333333333,1426.1666666666667,13.7,0.07,0.05,-0.39,210000,3600,2.3,36000,430000,3.7,False
Sutton,2026-01,2026-01-01,2026,1,1,winter,0.4999999999999999,0.8660254037844387,1200,5.71,1277.0,1435.0,1181.0,1372.3333333333333,1406.3333333333333,13.7,0.07,0.05,-0.39,210000,3600,2.3,36000,430000,3.7,False
Sutton,2026-02,2026-02-01,2026,2,1,winter,0.8660254037844386,0.5000000000000001,1259,6.0,1200.0,1405.0,1131.0,1294.0,1348.3333333333333,13.7,0.07,0.05,-0.39,210000,3600,2.3,36000,430000,3.7,False
Tower Hamlets,2023-03,2023-03-01,2023,3,1,spring,1.0,6.123233995736766e-17,3797,11.2,,,,1238.5,1347.6,39.9,0.25,0.15,0.88,339000,15800,5.8,36000,520000,10.2,False
Tower Hamlets,2023-04,2023-04-01,2023,4,2,spring,0.8660254037844387,-0.4999999999999998,3687,10.88,3797.0,,,2498.5,1822.8,39.9,0.25,0.15,0.88,339000,15800,5.8,36000,520000,10.2,False
Tower Hamlets,2023-05,2023-05-01,2023,5,2,spring,0.4999999999999999,-0.8660254037844387,3967,11.7,3687.0,,,3742.0,2273.2,39.9,0.25,0.15,0.88,339000,15800,5.8,36000,520000,10.2,False
Tower Hamlets,2023-06,2023-06-01,2023,6,2,summer,1.2246467991473532e-16,-1.0,4252,12.54,3967.0,3797.0,,3817.0,2785.6,39.9,0.25,0.15,0.88,339000,15800,5.8,36000,520000,10.2,False
Tower Hamlets,2023-07,2023-07-01,2023,7,3,summer,-0.4999999999999998,-0.8660254037844388,4214,12.43,4252.0,3687.0,,3968.6666666666665,3380.6,39.9,0.25,0.15,0.88,339000,15800,5.8,36000,520000,10.2,False
Tower Hamlets,2023-08,2023-08-01,2023,8,3,summer,-0.8660254037844384,-0.5000000000000004,4085,12.05,4214.0,3967.0,,4144.333333333333,3983.4,39.9,0.25,0.15,0.88,339000,15800,5.8,36000,520000,10.2,False
Tower Hamlets,2023-09,2023-09-01,2023,9,3,autumn,-1.0,-1.8369701987210294e-16,4158,12.27,4085.0,4252.0,,4183.666666666667,4000.3333333333335,39.9,0.25,0.15,0.88,339000,15800,5.8,36000,520000,10.2,False
Tower Hamlets,2023-10,2023-10-01,2023,10,4,autumn,-0.8660254037844386,0.5000000000000001,4186,12.35,4158.0,4214.0,,4152.333333333333,4060.5,39.9,0.25,0.15,0.88,339000,15800,5.8,36000,520000,10.2,False
Tower Hamlets,2023-11,2023-11-01,2023,11,4,autumn,-0.5000000000000004,0.8660254037844384,4178,12.32,4186.0,4085.0,,4143.0,4143.666666666667,39.9,0.25,0.15,0.88,339000,15800,5.8,36000,520000,10.2,False
Tower Hamlets,2023-12,2023-12-01,2023,12,4,winter,-2.4492935982947064e-16,1.0,3986,11.76,4178.0,4158.0,,4174.0,4178.833333333333,39.9,0.25,0.15,0.88,339000,15800,5.8,36000,520000,10.2,False
Tower Hamlets,2024-01,2024-01-01,2024,1,1,winter,0.4999999999999999,0.8660254037844387,3646,10.76,3986.0,4186.0,,4116.666666666667,4134.5,39.9,0.25,0.15,0.88,339000,15800,5.8,36000,520000,10.2,False
Tower Hamlets,2024-02,2024-02-01,2024,2,1,winter,0.8660254037844386,0.5000000000000001,3737,11.02,3646.0,4178.0,,3936.6666666666665,4039.8333333333335,39.9,0.25,0.15,0.88,339000,15800,5.8,36000,520000,10.2,False
Tower Hamlets,2024-03,2024-03-01,2024,3,1,spring,1.0,6.123233995736766e-17,3724,10.99,3737.0,3986.0,3797.0,3789.6666666666665,3981.8333333333335,39.9,0.25,0.15,0.88,339000,15800,5.8,36000,520000,10.2,False
Tower Hamlets,2024-04,2024-04-01,2024,4,2,spring,0.8660254037844387,-0.4999999999999998,3665,10.81,3724.0,3646.0,3687.0,3702.3333333333335,3909.5,39.9,0.25,0.15,0.88,339000,15800,5.8,36000,520000,10.2,False
Tower Hamlets,2024-05,2024-05-01,2024,5,2,spring,0.4999999999999999,-0.8660254037844387,4234,12.49,3665.0,3737.0,3967.0,3708.6666666666665,3822.6666666666665,39.9,0.25,0.15,0.88,339000,15800,5.8,36000,520000,10.2,False
Tower Hamlets,2024-06,2024-06-01,2024,6,2,summer,1.2246467991473532e-16,-1.0,4024,11.87,4234.0,3724.0,4252.0,3874.3333333333335,3832.0,39.9,0.25,0.15,0.88,339000,15800,5.8,36000,520000,10.2,False
Tower Hamlets,2024-07,2024-07-01,2024,7,3,summer,-0.4999999999999998,-0.8660254037844388,4311,12.72,4024.0,3665.0,4214.0,3974.3333333333335,3838.3333333333335,39.9,0.25,0.15,0.88,339000,15800,5.8,36000,520000,10.2,False
Tower Hamlets,2024-08,2024-08-01,2024,8,3,summer,-0.8660254037844384,-0.5000000000000004,4422,13.04,4311.0,4234.0,4085.0,4189.666666666667,3949.1666666666665,39.9,0.25,0.15,0.88,339000,15800,5.8,36000,520000,10.2,False
Tower Hamlets,2024-09,2024-09-01,2024,9,3,autumn,-1.0,-1.8369701987210294e-16,3959,11.68,4422.0,4024.0,4158.0,4252.333333333333,4063.3333333333335,39.9,0.25,0.15,0.88,339000,15800,5.8,36000,520000,10.2,False
Tower Hamlets,2024-10,2024-10-01,2024,10,4,autumn,-0.8660254037844386,0.5000000000000001,4213,12.43,3959.0,4311.0,4186.0,4230.666666666667,4102.5,39.9,0.25,0.15,0.88,339000,15800,5.8,36000,520000,10.2,False
Tower Hamlets,2024-11,2024-11-01,2024,11,4,autumn,-0.5000000000000004,0.8660254037844384,4101,12.1,4213.0,4422.0,4178.0,4198.0,4193.833333333333,39.9,0.25,0.15,0.88,339000,15800,5.8,36000,520000,10.2,False
Tower Hamlets,2024-12,2024-12-01,2024,12,4,winter,-2.4492935982947064e-16,1.0,3642,10.74,4101.0,3959.0,3986.0,4091.0,4171.666666666667,39.9,0.25,0.15,0.88,339000,15800,5.8,36000,520000,10.2,False
Tower Hamlets,2025-01,2025-01-01,2025,1,1,winter,0.4999999999999999,0.8660254037844387,3489,10.29,3642.0,4213.0,3646.0,3985.3333333333335,4108.0,39.9,0.25,0.15,0.88,339000,15800,5.8,36000,520000,10.2,False
Tower Hamlets,2025-02,2025-02-01,2025,2,1,winter,0.8660254037844386,0.5000000000000001,3113,9.18,3489.0,4101.0,3737.0,3744.0,3971.0,39.9,0.25,0.15,0.88,339000,15800,5.8,36000,520000,10.2,False
Tower Hamlets,2025-03,2025-03-01,2025,3,1,spring,1.0,6.123233995736766e-17,3836,11.32,3113.0,3642.0,3724.0,3414.6666666666665,3752.8333333333335,39.9,0.25,0.15,0.88,339000,15800,5.8,36000,520000,10.2,False
Tower Hamlets,2025-04,2025-04-01,2025,4,2,spring,0.8660254037844387,-0.4999999999999998,3863,11.4,3836.0,3489.0,3665.0,3479.3333333333335,3732.3333333333335,39.9,0.25,0.15,0.88,339000,15800,5.8,36000,520000,10.2,False
Tower Hamlets,2025-05,2025-05-01,2025,5,2,spring,0.4999999999999999,-0.8660254037844387,4107,12.12,3863.0,3113.0,4234.0,3604.0,3674.0,39.9,0.25,0.15,0.88,339000,15800,5.8,36000,520000,10.2,False
Tower Hamlets,2025-06,2025-06-01,2025,6,2,summer,1.2246467991473532e-16,-1.0,4463,13.17,4107.0,3836.0,4024.0,3935.3333333333335,3675.0,39.9,0.25,0.15,0.88,339000,15800,5.8,36000,520000,10.2,False
Tower Hamlets,2025-07,2025-07-01,2025,7,3,summer,-0.4999999999999998,-0.8660254037844388,4738,13.98,4463.0,3863.0,4311.0,4144.333333333333,3811.8333333333335,39.9,0.25,0.15,0.88,339000,15800,5.8,36000,520000,10.2,False
Tower Hamlets,2025-08,2025-08-01,2025,8,3,summer,-0.8660254037844384,-0.5000000000000004,4340,12.8,4738.0,4107.0,4422.0,4436.0,4020.0,39.9,0.25,0.15,0.88,339000,15800,5.8,36000,520000,10.2,False
Tower Hamlets,2025-09,2025-09-01,2025,9,3,autumn,-1.0,-1.8369701987210294e-16,4041,11.92,4340.0,4463.0,3959.0,4513.666666666667,4224.5,39.9,0.25,0.15,0.88,339000,15800,5.8,36000,520000,10.2,False
Tower Hamlets,2025-10,2025-10-01,2025,10,4,autumn,-0.8660254037844386,0.5000000000000001,4129,12.18,4041.0,4738.0,4213.0,4373.0,4258.666666666667,39.9,0.25,0.15,0.88,339000,15800,5.8,36000,520000,10.2,False
Tower Hamlets,2025-11,2025-11-01,2025,11,4,autumn,-0.5000000000000004,0.8660254037844384,4002,11.81,4129.0,4340.0,4101.0,4170.0,4303.0,39.9,0.25,0.15,0.88,339000,15800,5.8,36000,520000,10.2,False
Tower Hamlets,2025-12,2025-12-01,2025,12,4,winter,-2.4492935982947064e-16,1.0,3851,11.36,4002.0,4041.0,3642.0,4057.3333333333335,4285.5,39.9,0.25,0.15,0.88,339000,15800,5.8,36000,520000,10.2,False
Tower Hamlets,2026-01,2026-01-01,2026,1,1,winter,0.4999999999999999,0.8660254037844387,3428,10.11,3851.0,4129.0,3489.0,3994.0,4183.5,39.9,0.25,0.15,0.88,339000,15800,5.8,36000,520000,10.2,False
Tower Hamlets,2026-02,2026-02-01,2026,2,1,winter,0.8660254037844386,0.5000000000000001,3447,10.17,3428.0,4002.0,3113.0,3760.3333333333335,3965.1666666666665,39.9,0.25,0.15,0.88,339000,15800,5.8,36000,520000,10.2,False
Waltham Forest,2023-03,2023-03-01,2023,3,1,spring,1.0,6.123233995736766e-17,2441,8.56,,,,3639.5,3890.2,30.0,0.17,0.1,0.32,285000,6700,4.8,33000,450000,8.6,False
Waltham Forest,2023-04,2023-04-01,2023,4,2,spring,0.8660254037844387,-0.4999999999999998,2220,7.79,2441.0,,,2934.5,3570.2,30.0,0.17,0.1,0.32,285000,6700,4.8,33000,450000,8.6,False
Waltham Forest,2023-05,2023-05-01,2023,5,2,spring,0.4999999999999999,-0.8660254037844387,2556,8.97,2220.0,,,2330.5,3188.4,30.0,0.17,0.1,0.32,285000,6700,4.8,33000,450000,8.6,False
Waltham Forest,2023-06,2023-06-01,2023,6,2,summer,1.2246467991473532e-16,-1.0,2759,9.68,2556.0,2441.0,,2405.6666666666665,2899.2,30.0,0.17,0.1,0.32,285000,6700,4.8,33000,450000,8.6,False
Waltham Forest,2023-07,2023-07-01,2023,7,3,summer,-0.4999999999999998,-0.8660254037844388,2730,9.58,2759.0,2220.0,,2511.6666666666665,2680.8,30.0,0.17,0.1,0.32,285000,6700,4.8,33000,450000,8.6,False
Waltham Forest,2023-08,2023-08-01,2023,8,3,summer,-0.8660254037844384,-0.5000000000000004,2688,9.43,2730.0,2556.0,,2681.6666666666665,2541.2,30.0,0.17,0.1,0.32,285000,6700,4.8,33000,450000,8.6,False
Waltham Forest,2023-09,2023-09-01,2023,9,3,autumn,-1.0,-1.8369701987210294e-16,2874,10.08,2688.0,2759.0,,2725.6666666666665,2565.6666666666665,30.0,0.17,0.1,0.32,285000,6700,4.8,33000,450000,8.6,False
Waltham Forest,2023-10,2023-10-01,2023,10,4,autumn,-0.8660254037844386,0.5000000000000001,2768,9.71,2874.0,2730.0,,2764.0,2637.8333333333335,30.0,0.17,0.1,0.32,285000,6700,4.8,33000,450000,8.6,False
Waltham Forest,2023-11,2023-11-01,2023,11,4,autumn,-0.5000000000000004,0.8660254037844384,2733,9.59,2768.0,2688.0,,2776.6666666666665,2729.1666666666665,30.0,0.17,0.1,0.32,285000,6700,4.8,33000,450000,8.6,False
Waltham Forest,2023-12,2023-12-01,2023,12,4,winter,-2.4492935982947064e-16,1.0,2525,8.86,2733.0,2874.0,,2791.6666666666665,2758.6666666666665,30.0,0.17,0.1,0.32,285000,6700,4.8,33000,450000,8.6,False
Waltham Forest,2024-01,2024-01-01,2024,1,1,winter,0.4999999999999999,0.8660254037844387,2444,8.58,2525.0,2768.0,,2675.3333333333335,2719.6666666666665,30.0,0.17,0.1,0.32,285000,6700,4.8,33000,450000,8.6,False
Waltham Forest,2024-02,2024-02-01,2024,2,1,winter,0.8660254037844386,0.5000000000000001,2537,8.9,2444.0,2733.0,,2567.3333333333335,2672.0,30.0,0.17,0.1,0.32,285000,6700,4.8,33000,450000,8.6,False
Waltham Forest,2024-03,2024-03-01,2024,3,1,spring,1.0,6.123233995736766e-17,2627,9.22,2537.0,2525.0,2441.0,2502.0,2646.8333333333335,30.0,0.17,0.1,0.32,285000,6700,4.8,33000,450000,8.6,False
Waltham Forest,2024-04,2024-04-01,2024,4,2,spring,0.8660254037844387,-0.4999999999999998,2621,9.2,2627.0,2444.0,2220.0,2536.0,2605.6666666666665,30.0,0.17,0.1,0.32,285000,6700,4.8,33000,450000,8.6,False
Waltham Forest,2024-05,2024-05-01,2024,5,2,spring,0.4999999999999999,-0.8660254037844387,2864,10.05,2621.0,2537.0,2556.0,2595.0,2581.1666666666665,30.0,0.17,0.1,0.32,285000,6700,4.8,33000,450000,8.6,False
Waltham Forest,2024-06,2024-06-01,2024,6,2,summer,1.2246467991473532e-16,-1.0,2863,10.05,2864.0,2627.0,2759.0,2704.0,2603.0,30.0,0.17,0.1,0.32,285000,6700,4.8,33000,450000,8.6,False
Waltham Forest,2024-07,2024-07-01,2024,7,3,summer,-0.4999999999999998,-0.8660254037844388,2877,10.09,2863.0,2621.0,2730.0,2782.6666666666665,2659.3333333333335,30.0,0.17,0.1,0.32,285000,6700,4.8,33000,450000,8.6,False
Waltham Forest,2024-08,2024-08-01,2024,8,3,summer,-0.8660254037844384,-0.5000000000000004,2704,9.49,2877.0,2864.0,2688.0,2868.0,2731.5,30.0,0.17,0.1,0.32,285000,6700,4.8,33000,450000,8.6,False
Waltham Forest,2024-09,2024-09-01,2024,9,3,autumn,-1.0,-1.8369701987210294e-16,2587,9.08,2704.0,2863.0,2874.0,2814.6666666666665,2759.3333333333335,30.0,0.17,0.1,0.32,285000,6700,4.8,33000,450000,8.6,False
Waltham Forest,2024-10,2024-10-01,2024,10,4,autumn,-0.8660254037844386,0.5000000000000001,2911,10.21,2587.0,2877.0,2768.0,2722.6666666666665,2752.6666666666665,30.0,0.17,0.1,0.32,285000,6700,4.8,33000,450000,8.6,False
Waltham Forest,2024-11,2024-11-01,2024,11,4,autumn,-0.5000000000000004,0.8660254037844384,2867,10.06,2911.0,2704.0,2733.0,2734.0,2801.0,30.0,0.17,0.1,0.32,285000,6700,4.8,33000,450000,8.6,False
Waltham Forest,2024-12,2024-12-01,2024,12,4,winter,-2.4492935982947064e-16,1.0,2461,8.64,2867.0,2587.0,2525.0,2788.3333333333335,2801.5,30.0,0.17,0.1,0.32,285000,6700,4.8,33000,450000,8.6,False
Waltham Forest,2025-01,2025-01-01,2025,1,1,winter,0.4999999999999999,0.8660254037844387,2315,8.12,2461.0,2911.0,2444.0,2746.3333333333335,2734.5,30.0,0.17,0.1,0.32,285000,6700,4.8,33000,450000,8.6,False
Waltham Forest,2025-02,2025-02-01,2025,2,1,winter,0.8660254037844386,0.5000000000000001,2227,7.81,2315.0,2867.0,2537.0,2547.6666666666665,2640.8333333333335,30.0,0.17,0.1,0.32,285000,6700,4.8,33000,450000,8.6,False
Waltham Forest,2025-03,2025-03-01,2025,3,1,spring,1.0,6.123233995736766e-17,2613,9.17,2227.0,2461.0,2627.0,2334.3333333333335,2561.3333333333335,30.0,0.17,0.1,0.32,285000,6700,4.8,33000,450000,8.6,False
Waltham Forest,2025-04,2025-04-01,2025,4,2,spring,0.8660254037844387,-0.4999999999999998,2546,8.93,2613.0,2315.0,2621.0,2385.0,2565.6666666666665,30.0,0.17,0.1,0.32,285000,6700,4.8,33000,450000,8.6,False
Waltham Forest,2025-05,2025-05-01,2025,5,2,spring,0.4999999999999999,-0.8660254037844387,2754,9.66,2546.0,2227.0,2864.0,2462.0,2504.8333333333335,30.0,0.17,0.1,0.32,285000,6700,4.8,33000,450000,8.6,False
Waltham Forest,2025-06,2025-06-01,2025,6,2,summer,1.2246467991473532e-16,-1.0,2642,9.27,2754.0,2613.0,2863.0,2637.6666666666665,2486.0,30.0,0.17,0.1,0.32,285000,6700,4.8,33000,450000,8.6,False
Waltham Forest,2025-07,2025-07-01,2025,7,3,summer,-0.4999999999999998,-0.8660254037844388,2754,9.66,2642.0,2546.0,2877.0,2647.3333333333335,2516.1666666666665,30.0,0.17,0.1,0.32,285000,6700,4.8,33000,450000,8.6,False
Waltham Forest,2025-08,2025-08-01,2025,8,3,summer,-0.8660254037844384,-0.5000000000000004,2406,8.44,2754.0,2754.0,2704.0,2716.6666666666665,2589.3333333333335,30.0,0.17,0.1,0.32,285000,6700,4.8,33000,450000,8.6,False
Waltham Forest,2025-09,2025-09-01,2025,9,3,autumn,-1.0,-1.8369701987210294e-16,2482,8.71,2406.0,2642.0,2587.0,2600.6666666666665,2619.1666666666665,30.0,0.17,0.1,0.32,285000,6700,4.8,33000,450000,8.6,False
Waltham Forest,2025-10,2025-10-01,2025,10,4,autumn,-0.8660254037844386,0.5000000000000001,2559,8.98,2482.0,2754.0,2911.0,2547.3333333333335,2597.3333333333335,30.0,0.17,0.1,0.32,285000,6700,4.8,33000,450000,8.6,False
Waltham Forest,2025-11,2025-11-01,2025,11,4,autumn,-0.5000000000000004,0.8660254037844384,2558,8.98,2559.0,2406.0,2867.0,2482.3333333333335,2599.5,30.0,0.17,0.1,0.32,285000,6700,4.8,33000,450000,8.6,False
Waltham Forest,2025-12,2025-12-01,2025,12,4,winter,-2.4492935982947064e-16,1.0,2377,8.34,2558.0,2482.0,2461.0,2533.0,2566.8333333333335,30.0,0.17,0.1,0.32,285000,6700,4.8,33000,450000,8.6,False
Waltham Forest,2026-01,2026-01-01,2026,1,1,winter,0.4999999999999999,0.8660254037844387,2388,8.38,2377.0,2559.0,2315.0,2498.0,2522.6666666666665,30.0,0.17,0.1,0.32,285000,6700,4.8,33000,450000,8.6,False
Waltham Forest,2026-02,2026-02-01,2026,2,1,winter,0.8660254037844386,0.5000000000000001,2246,7.88,2388.0,2558.0,2227.0,2441.0,2461.6666666666665,30.0,0.17,0.1,0.32,285000,6700,4.8,33000,450000,8.6,False
Wandsworth,2023-03,2023-03-01,2023,3,1,spring,1.0,6.123233995736766e-17,2741,7.9,,,,2382.5,2472.8,18.8,0.1,0.06,0.1,347000,6700,2.9,39000,600000,4.9,False
Wandsworth,2023-04,2023-04-01,2023,4,2,spring,0.8660254037844387,-0.4999999999999998,2594,7.48,2741.0,,,2564.5,2524.6,18.8,0.1,0.06,0.1,347000,6700,2.9,39000,600000,4.9,False
Wandsworth,2023-05,2023-05-01,2023,5,2,spring,0.4999999999999999,-0.8660254037844387,3048,8.78,2594.0,,,2667.5,2531.6,18.8,0.1,0.06,0.1,347000,6700,2.9,39000,600000,4.9,False
Wandsworth,2023-06,2023-06-01,2023,6,2,summer,1.2246467991473532e-16,-1.0,3523,10.15,3048.0,2741.0,,2794.3333333333335,2629.6,18.8,0.1,0.06,0.1,347000,6700,2.9,39000,600000,4.9,False
Wandsworth,2023-07,2023-07-01,2023,7,3,summer,-0.4999999999999998,-0.8660254037844388,3170,9.14,3523.0,2594.0,,3055.0,2858.8,18.8,0.1,0.06,0.1,347000,6700,2.9,39000,600000,4.9,False
Wandsworth,2023-08,2023-08-01,2023,8,3,summer,-0.8660254037844384,-0.5000000000000004,2904,8.37,3170.0,3048.0,,3247.0,3015.2,18.8,0.1,0.06,0.1,347000,6700,2.9,39000,600000,4.9,False
Wandsworth,2023-09,2023-09-01,2023,9,3,autumn,-1.0,-1.8369701987210294e-16,2960,8.53,2904.0,3523.0,,3199.0,2996.6666666666665,18.8,0.1,0.06,0.1,347000,6700,2.9,39000,600000,4.9,False
Wandsworth,2023-10,2023-10-01,2023,10,4,autumn,-0.8660254037844386,0.5000000000000001,2883,8.31,2960.0,3170.0,,3011.3333333333335,3033.1666666666665,18.8,0.1,0.06,0.1,347000,6700,2.9,39000,600000,4.9,False
Wandsworth,2023-11,2023-11-01,2023,11,4,autumn,-0.5000000000000004,0.8660254037844384,2806,8.09,2883.0,2904.0,,2915.6666666666665,3081.3333333333335,18.8,0.1,0.06,0.1,347000,6700,2.9,39000,600000,4.9,False
Wandsworth,2023-12,2023-12-01,2023,12,4,winter,-2.4492935982947064e-16,1.0,2816,8.12,2806.0,2960.0,,2883.0,3041.0,18.8,0.1,0.06,0.1,347000,6700,2.9,39000,600000,4.9,False
Wandsworth,2024-01,2024-01-01,2024,1,1,winter,0.4999999999999999,0.8660254037844387,2816,8.12,2816.0,2883.0,,2835.0,2923.1666666666665,18.8,0.1,0.06,0.1,347000,6700,2.9,39000,600000,4.9,False
Wandsworth,2024-02,2024-02-01,2024,2,1,winter,0.8660254037844386,0.5000000000000001,2699,7.78,2816.0,2806.0,,2812.6666666666665,2864.1666666666665,18.8,0.1,0.06,0.1,347000,6700,2.9,39000,600000,4.9,False
Wandsworth,2024-03,2024-03-01,2024,3,1,spring,1.0,6.123233995736766e-17,2815,8.11,2699.0,2816.0,2741.0,2777.0,2830.0,18.8,0.1,0.06,0.1,347000,6700,2.9,39000,600000,4.9,False
Wandsworth,2024-04,2024-04-01,2024,4,2,spring,0.8660254037844387,-0.4999999999999998,2681,7.73,2815.0,2816.0,2594.0,2776.6666666666665,2805.8333333333335,18.8,0.1,0.06,0.1,347000,6700,2.9,39000,600000,4.9,False
Wandsworth,2024-05,2024-05-01,2024,5,2,spring,0.4999999999999999,-0.8660254037844387,2885,8.31,2681.0,2699.0,3048.0,2731.6666666666665,2772.1666666666665,18.8,0.1,0.06,0.1,347000,6700,2.9,39000,600000,4.9,False
Wandsworth,2024-06,2024-06-01,2024,6,2,summer,1.2246467991473532e-16,-1.0,2823,8.14,2885.0,2815.0,3523.0,2793.6666666666665,2785.3333333333335,18.8,0.1,0.06,0.1,347000,6700,2.9,39000,600000,4.9,False
Wandsworth,2024-07,2024-07-01,2024,7,3,summer,-0.4999999999999998,-0.8660254037844388,3127,9.01,2823.0,2681.0,3170.0,2796.3333333333335,2786.5,18.8,0.1,0.06,0.1,347000,6700,2.9,39000,600000,4.9,False
Wandsworth,2024-08,2024-08-01,2024,8,3,summer,-0.8660254037844384,-0.5000000000000004,2924,8.43,3127.0,2885.0,2904.0,2945.0,2838.3333333333335,18.8,0.1,0.06,0.1,347000,6700,2.9,39000,600000,4.9,False
Wandsworth,2024-09,2024-09-01,2024,9,3,autumn,-1.0,-1.8369701987210294e-16,2797,8.06,2924.0,2823.0,2960.0,2958.0,2875.8333333333335,18.8,0.1,0.06,0.1,347000,6700,2.9,39000,600000,4.9,False
Wandsworth,2024-10,2024-10-01,2024,10,4,autumn,-0.8660254037844386,0.5000000000000001,2886,8.32,2797.0,3127.0,2883.0,2949.3333333333335,2872.8333333333335,18.8,0.1,0.06,0.1,347000,6700,2.9,39000,600000,4.9,False
Wandsworth,2024-11,2024-11-01,2024,11,4,autumn,-0.5000000000000004,0.8660254037844384,2749,7.92,2886.0,2924.0,2806.0,2869.0,2907.0,18.8,0.1,0.06,0.1,347000,6700,2.9,39000,600000,4.9,False
Wandsworth,2024-12,2024-12-01,2024,12,4,winter,-2.4492935982947064e-16,1.0,2561,7.38,2749.0,2797.0,2816.0,2810.6666666666665,2884.3333333333335,18.8,0.1,0.06,0.1,347000,6700,2.9,39000,600000,4.9,False
Wandsworth,2025-01,2025-01-01,2025,1,1,winter,0.4999999999999999,0.8660254037844387,2575,7.42,2561.0,2886.0,2816.0,2732.0,2840.6666666666665,18.8,0.1,0.06,0.1,347000,6700,2.9,39000,600000,4.9,False
Wandsworth,2025-02,2025-02-01,2025,2,1,winter,0.8660254037844386,0.5000000000000001,2426,6.99,2575.0,2749.0,2699.0,2628.3333333333335,2748.6666666666665,18.8,0.1,0.06,0.1,347000,6700,2.9,39000,600000,4.9,False
Wandsworth,2025-03,2025-03-01,2025,3,1,spring,1.0,6.123233995736766e-17,2778,8.01,2426.0,2561.0,2815.0,2520.6666666666665,2665.6666666666665,18.8,0.1,0.06,0.1,347000,6700,2.9,39000,600000,4.9,False
Wandsworth,2025-04,2025-04-01,2025,4,2,spring,0.8660254037844387,-0.4999999999999998,2749,7.92,2778.0,2575.0,2681.0,2593.0,2662.5,18.8,0.1,0.06,0.1,347000,6700,2.9,39000,600000,4.9,False
Wandsworth,2025-05,2025-05-01,2025,5,2,spring,0.4999999999999999,-0.8660254037844387,2971,8.56,2749.0,2426.0,2885.0,2651.0,2639.6666666666665,18.8,0.1,0.06,0.1,347000,6700,2.9,39000,600000,4.9,False
Wandsworth,2025-06,2025-06-01,2025,6,2,summer,1.2246467991473532e-16,-1.0,3268,9.42,2971.0,2778.0,2823.0,2832.6666666666665,2676.6666666666665,18.8,0.1,0.06,0.1,347000,6700,2.9,39000,600000,4.9,False
Wandsworth,2025-07,2025-07-01,2025,7,3,summer,-0.4999999999999998,-0.8660254037844388,3307,9.53,3268.0,2749.0,3127.0,2996.0,2794.5,18.8,0.1,0.06,0.1,347000,6700,2.9,39000,600000,4.9,False
Wandsworth,2025-08,2025-08-01,2025,8,3,summer,-0.8660254037844384,-0.5000000000000004,3185,9.18,3307.0,2971.0,2924.0,3182.0,2916.5,18.8,0.1,0.06,0.1,347000,6700,2.9,39000,600000,4.9,False
Wandsworth,2025-09,2025-09-01,2025,9,3,autumn,-1.0,-1.8369701987210294e-16,2860,8.24,3185.0,3268.0,2797.0,3253.3333333333335,3043.0,18.8,0.1,0.06,0.1,347000,6700,2.9,39000,600000,4.9,False
Wandsworth,2025-10,2025-10-01,2025,10,4,autumn,-0.8660254037844386,0.5000000000000001,3076,8.86,2860.0,3307.0,2886.0,3117.3333333333335,3056.6666666666665,18.8,0.1,0.06,0.1,347000,6700,2.9,39000,600000,4.9,False
Wandsworth,2025-11,2025-11-01,2025,11,4,autumn,-0.5000000000000004,0.8660254037844384,2704,7.79,3076.0,3185.0,2749.0,3040.3333333333335,3111.1666666666665,18.8,0.1,0.06,0.1,347000,6700,2.9,39000,600000,4.9,False
Wandsworth,2025-12,2025-12-01,2025,12,4,winter,-2.4492935982947064e-16,1.0,2606,7.51,2704.0,2860.0,2561.0,2880.0,3066.6666666666665,18.8,0.1,0.06,0.1,347000,6700,2.9,39000,600000,4.9,False
Wandsworth,2026-01,2026-01-01,2026,1,1,winter,0.4999999999999999,0.8660254037844387,2550,7.35,2606.0,3076.0,2575.0,2795.3333333333335,2956.3333333333335,18.8,0.1,0.06,0.1,347000,6700,2.9,39000,600000,4.9,False
Wandsworth,2026-02,2026-02-01,2026,2,1,winter,0.8660254037844386,0.5000000000000001,2480,7.15,2550.0,2704.0,2426.0,2620.0,2830.1666666666665,18.8,0.1,0.06,0.1,347000,6700,2.9,39000,600000,4.9,False
Westminster,2023-03,2023-03-01,2023,3,1,spring,1.0,6.123233995736766e-17,7934,32.12,,,,2578.0,2759.2,25.7,0.14,0.09,1.42,247000,11000,3.7,52000,950000,5.4,False
Westminster,2023-04,2023-04-01,2023,4,2,spring,0.8660254037844387,-0.4999999999999998,7613,30.82,7934.0,,,5242.0,3774.0,25.7,0.14,0.09,1.42,247000,11000,3.7,52000,950000,5.4,False
Westminster,2023-05,2023-05-01,2023,5,2,spring,0.4999999999999999,-0.8660254037844387,8212,33.25,7613.0,,,7773.5,4681.4,25.7,0.14,0.09,1.42,247000,11000,3.7,52000,950000,5.4,False
Westminster,2023-06,2023-06-01,2023,6,2,summer,1.2246467991473532e-16,-1.0,8886,35.98,8212.0,7934.0,,7919.666666666667,5783.0,25.7,0.14,0.09,1.42,247000,11000,3.7,52000,950000,5.4,False
Westminster,2023-07,2023-07-01,2023,7,3,summer,-0.4999999999999998,-0.8660254037844388,8679,35.14,8886.0,7613.0,,8237.0,7039.0,25.7,0.14,0.09,1.42,247000,11000,3.7,52000,950000,5.4,False
Westminster,2023-08,2023-08-01,2023,8,3,summer,-0.8660254037844384,-0.5000000000000004,7885,31.92,8679.0,8212.0,,8592.333333333334,8264.8,25.7,0.14,0.09,1.42,247000,11000,3.7,52000,950000,5.4,False
Westminster,2023-09,2023-09-01,2023,9,3,autumn,-1.0,-1.8369701987210294e-16,7763,31.43,7885.0,8886.0,,8483.333333333334,8201.5,25.7,0.14,0.09,1.42,247000,11000,3.7,52000,950000,5.4,False
Westminster,2023-10,2023-10-01,2023,10,4,autumn,-0.8660254037844386,0.5000000000000001,8969,36.31,7763.0,8679.0,,8109.0,8173.0,25.7,0.14,0.09,1.42,247000,11000,3.7,52000,950000,5.4,False
Westminster,2023-11,2023-11-01,2023,11,4,autumn,-0.5000000000000004,0.8660254037844384,10684,43.26,8969.0,7885.0,,8205.666666666666,8399.0,25.7,0.14,0.09,1.42,247000,11000,3.7,52000,950000,5.4,False
Westminster,2023-12,2023-12-01,2023,12,4,winter,-2.4492935982947064e-16,1.0,10574,42.81,10684.0,7763.0,,9138.666666666666,8811.0,25.7,0.14,0.09,1.42,247000,11000,3.7,52000,950000,5.4,False
Westminster,2024-01,2024-01-01,2024,1,1,winter,0.4999999999999999,0.8660254037844387,8613,34.87,10574.0,8969.0,,10075.666666666666,9092.333333333334,25.7,0.14,0.09,1.42,247000,11000,3.7,52000,950000,5.4,False
Westminster,2024-02,2024-02-01,2024,2,1,winter,0.8660254037844386,0.5000000000000001,9031,36.56,8613.0,10684.0,,9957.0,9081.333333333334,25.7,0.14,0.09,1.42,247000,11000,3.7,52000,950000,5.4,False
Westminster,2024-03,2024-03-01,2024,3,1,spring,1.0,6.123233995736766e-17,8826,35.73,9031.0,10574.0,7934.0,9406.0,9272.333333333334,25.7,0.14,0.09,1.42,247000,11000,3.7,52000,950000,5.4,False
Westminster,2024-04,2024-04-01,2024,4,2,spring,0.8660254037844387,-0.4999999999999998,8282,33.53,8826.0,8613.0,7613.0,8823.333333333334,9449.5,25.7,0.14,0.09,1.42,247000,11000,3.7,52000,950000,5.4,False
Westminster,2024-05,2024-05-01,2024,5,2,spring,0.4999999999999999,-0.8660254037844387,8097,32.78,8282.0,9031.0,8212.0,8713.0,9335.0,25.7,0.14,0.09,1.42,247000,11000,3.7,52000,950000,5.4,False
Westminster,2024-06,2024-06-01,2024,6,2,summer,1.2246467991473532e-16,-1.0,8332,33.73,8097.0,8826.0,8886.0,8401.666666666666,8903.833333333334,25.7,0.14,0.09,1.42,247000,11000,3.7,52000,950000,5.4,False
Westminster,2024-07,2024-07-01,2024,7,3,summer,-0.4999999999999998,-0.8660254037844388,8383,33.94,8332.0,8282.0,8679.0,8237.0,8530.166666666666,25.7,0.14,0.09,1.42,247000,11000,3.7,52000,950000,5.4,False
Westminster,2024-08,2024-08-01,2024,8,3,summer,-0.8660254037844384,-0.5000000000000004,7864,31.84,8383.0,8097.0,7885.0,8270.666666666666,8491.833333333334,25.7,0.14,0.09,1.42,247000,11000,3.7,52000,950000,5.4,False
Westminster,2024-09,2024-09-01,2024,9,3,autumn,-1.0,-1.8369701987210294e-16,7648,30.96,7864.0,8332.0,7763.0,8193.0,8297.333333333334,25.7,0.14,0.09,1.42,247000,11000,3.7,52000,950000,5.4,False
Westminster,2024-10,2024-10-01,2024,10,4,autumn,-0.8660254037844386,0.5000000000000001,9228,37.36,7648.0,8383.0,8969.0,7965.0,8101.0,25.7,0.14,0.09,1.42,247000,11000,3.7,52000,950000,5.4,False
Westminster,2024-11,2024-11-01,2024,11,4,autumn,-0.5000000000000004,0.8660254037844384,10308,41.73,9228.0,7864.0,10684.0,8246.666666666666,8258.666666666666,25.7,0.14,0.09,1.42,247000,11000,3.7,52000,950000,5.4,False
Westminster,2024-12,2024-12-01,2024,12,4,winter,-2.4492935982947064e-16,1.0,10432,42.23,10308.0,7648.0,10574.0,9061.333333333334,8627.166666666666,25.7,0.14,0.09,1.42,247000,11000,3.7,52000,950000,5.4,False
Westminster,2025-01,2025-01-01,2025,1,1,winter,0.4999999999999999,0.8660254037844387,8207,33.23,10432.0,9228.0,8613.0,9989.333333333334,8977.166666666666,25.7,0.14,0.09,1.42,247000,11000,3.7,52000,950000,5.4,False
Westminster,2025-02,2025-02-01,2025,2,1,winter,0.8660254037844386,0.5000000000000001,7970,32.27,8207.0,10308.0,9031.0,9649.0,8947.833333333334,25.7,0.14,0.09,1.42,247000,11000,3.7,52000,950000,5.4,False
Westminster,2025-03,2025-03-01,2025,3,1,spring,1.0,6.123233995736766e-17,8100,32.79,7970.0,10432.0,8826.0,8869.666666666666,8965.5,25.7,0.14,0.09,1.42,247000,11000,3.7,52000,950000,5.4,False
Westminster,2025-04,2025-04-01,2025,4,2,spring,0.8660254037844387,-0.4999999999999998,7829,31.7,8100.0,8207.0,8282.0,8092.333333333333,9040.833333333334,25.7,0.14,0.09,1.42,247000,11000,3.7,52000,950000,5.4,False
Westminster,2025-05,2025-05-01,2025,5,2,spring,0.4999999999999999,-0.8660254037844387,7903,32.0,7829.0,7970.0,8097.0,7966.333333333333,8807.666666666666,25.7,0.14,0.09,1.42,247000,11000,3.7,52000,950000,5.4,False
Westminster,2025-06,2025-06-01,2025,6,2,summer,1.2246467991473532e-16,-1.0,8126,32.9,7903.0,8100.0,8332.0,7944.0,8406.833333333334,25.7,0.14,0.09,1.42,247000,11000,3.7,52000,950000,5.4,False
Westminster,2025-07,2025-07-01,2025,7,3,summer,-0.4999999999999998,-0.8660254037844388,8328,33.72,8126.0,7829.0,8383.0,7952.666666666667,8022.5,25.7,0.14,0.09,1.42,247000,11000,3.7,52000,950000,5.4,False
Westminster,2025-08,2025-08-01,2025,8,3,summer,-0.8660254037844384,-0.5000000000000004,7925,32.09,8328.0,7903.0,7864.0,8119.0,8042.666666666667,25.7,0.14,0.09,1.42,247000,11000,3.7,52000,950000,5.4,False
Westminster,2025-09,2025-09-01,2025,9,3,autumn,-1.0,-1.8369701987210294e-16,7350,29.76,7925.0,8126.0,7648.0,8126.333333333333,8035.166666666667,25.7,0.14,0.09,1.42,247000,11000,3.7,52000,950000,5.4,False
Westminster,2025-10,2025-10-01,2025,10,4,autumn,-0.8660254037844386,0.5000000000000001,7859,31.82,7350.0,8328.0,9228.0,7867.666666666667,7910.166666666667,25.7,0.14,0.09,1.42,247000,11000,3.7,52000,950000,5.4,False
Westminster,2025-11,2025-11-01,2025,11,4,autumn,-0.5000000000000004,0.8660254037844384,8438,34.16,7859.0,7925.0,10308.0,7711.333333333333,7915.166666666667,25.7,0.14,0.09,1.42,247000,11000,3.7,52000,950000,5.4,False
Westminster,2025-12,2025-12-01,2025,12,4,winter,-2.4492935982947064e-16,1.0,8783,35.56,8438.0,7350.0,10432.0,7882.333333333333,8004.333333333333,25.7,0.14,0.09,1.42,247000,11000,3.7,52000,950000,5.4,False
Westminster,2026-01,2026-01-01,2026,1,1,winter,0.4999999999999999,0.8660254037844387,6986,28.28,8783.0,7859.0,8207.0,8360.0,8113.833333333333,25.7,0.14,0.09,1.42,247000,11000,3.7,52000,950000,5.4,False
Westminster,2026-02,2026-02-01,2026,2,1,winter,0.8660254037844386,0.5000000000000001,6450,26.11,6986.0,8438.0,7970.0,8069.0,7890.166666666667,25.7,0.14,0.09,1.42,247000,11000,3.7,52000,950000,5.4,False
